"","sexo","altura","edad","tabaco","ubes","carneRoja","verduras","deporte","drogas","dietaEsp","nivEstPad","nivEstudios","nivIngresos","IMC","peso"
"1","M",1.63,18,0,0,0,5,0,2,"S",0,1,2,26.8129654933518,71.2393680192863
"2","V",1.68,35,0,1,1,6,0,0,"N",1,3,2,26.7980799483286,75.6349008461627
"3","V",1.77,39,30,13,0,0,6,0,"N",2,3,1,26.7980799483286,83.9557046701188
"4","M",1.59,57,60,4,4,16,15,0,"N",2,2,2,26.8129654933518,67.7858580637426
"5","M",1.58,18,0,3,1,0,7,0,"N",2,4,4,26.8129654933518,66.9358870576033
"6","M",1.66,35,160,0,0,0,4,0,"N",0,2,3,26.8129654933518,73.8858077134801
"7","V",1.75,46,140,3,1,0,0,0,"S",0,1,0,26.7980799483286,82.0691198417565
"8","M",1.73,54,0,0,0,9,4,0,"N",0,0,1,26.8129654933518,80.2485244250525
"9","V",1.67,18,0,0,0,11,0,0,"S",1,2,3,26.7980799483286,74.7371651678937
"10","V",1.74,53,0,3,1,4,0,0,"N",1,2,1,26.7980799483286,81.1338668515598
"11","V",1.76,32,0,19,0,21,13,0,"N",0,1,2,26.7980799483286,83.0097324479428
"12","V",1.85,33,0,0,1,14,2,0,"N",1,2,2,26.7980799483286,91.7164286231548
"13","M",1.65,29,0,6,0,7,4,0,"N",1,1,1,26.8129654933518,72.9982985556501
"14","M",1.66,35,0,0,1,0,0,0,"N",0,1,2,26.8129654933518,73.8858077134801
"15","V",1.77,25,0,0,0,0,1,0,"N",1,2,2,26.7980799483286,83.9557046701188
"16","M",1.71,45,0,0,4,8,0,0,"N",1,1,3,26.8129654933518,78.4037923991099
"17","M",1.73,38,0,0,2,8,0,0,"N",0,0,2,26.8129654933518,80.2485244250525
"18","V",1.78,37,0,15,2,2,0,1,"N",3,4,4,26.7980799483286,84.9070365082845
"19","M",1.51,29,0,3,0,8,0,0,"N",1,2,1,26.8129654933518,61.1362426213913
"20","M",1.58,46,20,15,3,17,14,0,"N",2,4,4,26.8129654933518,66.9358870576033
"21","V",1.66,56,0,0,0,0,7,0,"N",1,3,3,26.7980799483286,73.8447891056144
"22","M",1.61,31,0,26,5,0,3,0,"N",0,0,0,26.8129654933518,69.5018878553171
"23","V",1.79,68,0,6,5,6,8,0,"N",1,2,2,26.7980799483286,85.8637279624398
"24","M",1.61,53,0,0,3,10,17,5,"N",1,2,3,26.8129654933518,69.5018878553171
"25","V",1.75,18,0,0,0,18,8,0,"N",0,0,0,26.7980799483286,82.0691198417565
"26","V",1.86,49,30,7,0,2,0,0,"N",2,2,2,26.7980799483286,92.7106373892378
"27","V",1.8,18,0,0,9,0,4,0,"N",2,3,4,26.7980799483286,86.8257790325848
"28","V",1.77,37,0,0,0,4,2,0,"N",0,0,0,26.7980799483286,83.9557046701188
"29","M",1.65,29,70,0,6,0,0,0,"N",1,2,2,26.8129654933518,72.9982985556501
"30","M",1.6,31,90,0,4,11,7,0,"N",2,3,4,26.8129654933518,68.6411916629805
"31","V",1.7,26,0,0,6,5,2,0,"N",2,1,2,26.7980799483286,77.4464510506698
"32","V",1.74,18,0,6,0,9,9,0,"N",1,2,2,26.7980799483286,81.1338668515598
"33","M",1.67,18,0,0,4,0,3,0,"S",1,1,0,26.8129654933518,74.7786794644087
"34","M",1.68,27,0,0,0,0,0,0,"N",0,2,4,26.8129654933518,75.676913808436
"35","V",1.81,47,10,0,0,0,0,0,"N",3,3,3,26.7980799483286,87.7931897187194
"36","M",1.59,21,120,0,1,0,6,1,"S",0,1,1,26.8129654933518,67.7858580637426
"37","V",1.67,61,0,1,0,0,0,0,"N",0,2,0,26.7980799483286,74.7371651678937
"38","V",1.83,44,140,1,2,14,12,0,"N",2,3,3,26.7980799483286,89.7440899389578
"39","M",1.62,29,0,0,3,8,0,0,"N",0,3,3,26.8129654933518,70.3679466407524
"40","V",1.73,73,0,0,0,0,0,0,"N",1,2,2,26.7980799483286,80.2039734773528
"41","M",1.68,48,90,0,4,0,0,0,"N",0,0,1,26.8129654933518,75.676913808436
"42","M",1.67,18,0,0,0,0,0,0,"N",2,3,2,26.8129654933518,74.7786794644087
"43","M",1.66,65,0,0,2,0,0,0,"N",1,2,2,26.8129654933518,73.8858077134801
"44","M",1.65,36,0,2,0,23,6,0,"N",1,2,2,26.8129654933518,72.9982985556501
"45","V",1.7,40,0,11,4,0,1,0,"N",1,1,2,26.7980799483286,77.4464510506698
"46","M",1.7,46,0,0,0,6,0,0,"N",0,1,2,26.8129654933518,77.4894702757866
"47","V",1.73,27,50,0,2,0,0,0,"N",2,4,4,26.7980799483286,80.2039734773528
"48","M",1.66,62,0,0,0,1,2,0,"N",0,2,0,26.8129654933518,73.8858077134801
"49","M",1.61,42,0,3,3,13,2,8,"S",0,0,1,26.8129654933518,69.5018878553171
"50","M",1.64,37,0,7,2,6,3,4,"S",1,2,3,26.8129654933518,72.1161519909189
"51","M",1.69,25,0,5,0,3,1,0,"N",2,3,2,26.8129654933518,76.5805107455619
"52","V",1.72,18,0,0,2,0,0,0,"N",1,4,4,26.7980799483286,79.2794397191354
"53","M",1.63,63,0,7,0,12,0,0,"N",2,3,3,26.8129654933518,71.2393680192863
"54","V",1.77,44,0,0,1,14,2,0,"N",2,4,3,26.7980799483286,83.9557046701188
"55","V",1.68,46,190,0,6,0,0,0,"N",2,3,3,26.7980799483286,75.6349008461627
"56","V",1.77,33,20,0,2,10,3,0,"N",0,1,2,26.7980799483286,83.9557046701188
"57","M",1.65,28,0,0,4,0,0,0,"N",0,0,1,26.8129654933518,72.9982985556501
"58","M",1.7,27,0,0,4,4,0,0,"N",0,0,2,26.8129654933518,77.4894702757866
"59","V",1.73,45,0,0,5,0,0,0,"N",0,0,0,26.7980799483286,80.2039734773528
"60","V",1.68,35,0,7,1,1,6,0,"N",2,1,2,26.7980799483286,75.6349008461627
"61","V",1.75,29,0,0,1,12,0,0,"N",2,3,4,26.7980799483286,82.0691198417565
"62","V",1.71,58,0,0,0,4,8,0,"N",0,1,0,26.7980799483286,78.3602655769078
"63","V",1.76,34,0,0,0,16,9,0,"S",0,1,1,26.7980799483286,83.0097324479428
"64","V",1.82,39,0,2,1,0,1,0,"N",2,4,4,26.7980799483286,88.7659600208438
"65","M",1.65,44,0,12,7,0,0,0,"N",2,4,4,26.8129654933518,72.9982985556501
"66","V",1.58,37,50,3,2,0,2,0,"N",1,4,4,26.7980799483286,66.8987267830076
"67","V",1.79,47,0,0,0,22,15,0,"N",2,4,3,26.7980799483286,85.8637279624398
"68","M",1.63,44,150,0,0,0,2,0,"N",0,1,0,26.8129654933518,71.2393680192863
"69","V",1.76,32,0,0,0,12,10,0,"N",0,0,0,26.7980799483286,83.0097324479428
"70","M",1.68,33,0,0,1,4,9,0,"N",1,1,2,26.8129654933518,75.676913808436
"71","V",1.85,23,0,7,4,18,13,0,"N",2,2,2,26.7980799483286,91.7164286231548
"72","M",1.65,43,0,0,1,14,7,0,"N",2,3,3,26.8129654933518,72.9982985556501
"73","M",1.64,48,0,14,6,0,2,0,"N",3,4,2,26.8129654933518,72.1161519909189
"74","V",1.76,32,0,0,1,0,1,0,"N",3,4,2,26.7980799483286,83.0097324479428
"75","V",1.71,60,0,0,0,0,0,0,"N",0,2,2,26.7980799483286,78.3602655769078
"76","M",1.69,71,0,6,6,0,1,3,"N",0,1,0,26.8129654933518,76.5805107455619
"77","M",1.51,18,80,0,5,2,0,8,"N",0,1,3,26.8129654933518,61.1362426213913
"78","V",1.69,57,0,5,5,0,0,0,"N",0,1,1,26.7980799483286,76.5379961404214
"79","M",1.64,45,10,0,1,7,9,0,"N",2,1,0,26.8129654933518,72.1161519909189
"80","M",1.65,39,0,0,2,0,0,0,"N",1,2,1,26.8129654933518,72.9982985556501
"81","V",1.78,24,120,3,2,1,2,0,"N",1,2,2,26.7980799483286,84.9070365082845
"82","V",1.68,31,0,7,0,0,0,0,"N",2,1,1,26.7980799483286,75.6349008461627
"83","V",1.83,32,0,0,0,9,8,2,"N",2,4,4,26.7980799483286,89.7440899389578
"84","V",1.82,23,0,0,0,7,0,0,"N",1,2,1,26.7980799483286,88.7659600208438
"85","M",1.65,18,0,2,2,4,0,3,"N",3,4,3,26.8129654933518,72.9982985556501
"86","M",1.7,50,0,2,0,8,0,1,"N",1,2,3,26.8129654933518,77.4894702757866
"87","M",1.65,41,0,5,1,6,4,0,"N",1,3,1,26.8129654933518,72.9982985556501
"88","V",1.63,34,0,1,0,6,7,0,"N",2,3,3,26.7980799483286,71.1998186147144
"89","V",1.79,52,0,5,3,5,6,1,"N",0,2,3,26.7980799483286,85.8637279624398
"90","M",1.7,49,0,0,0,0,0,0,"N",1,3,4,26.8129654933518,77.4894702757866
"91","V",1.72,44,40,12,2,4,8,4,"N",3,3,4,26.7980799483286,79.2794397191354
"92","V",1.73,30,0,3,0,0,0,0,"N",0,2,3,26.7980799483286,80.2039734773528
"93","M",1.68,18,10,11,2,0,1,0,"N",0,1,2,26.8129654933518,75.676913808436
"94","V",1.77,39,40,0,0,14,4,0,"N",1,1,1,26.7980799483286,83.9557046701188
"95","V",1.75,43,0,6,2,0,1,0,"N",0,1,1,26.7980799483286,82.0691198417565
"96","M",1.66,59,0,0,4,0,12,0,"N",1,3,2,26.8129654933518,73.8858077134801
"97","M",1.64,51,0,0,3,10,0,0,"N",1,1,0,26.8129654933518,72.1161519909189
"98","V",1.7,32,0,11,5,0,0,0,"N",3,4,4,26.7980799483286,77.4464510506698
"99","V",1.78,31,130,24,1,5,1,0,"N",0,1,0,26.7980799483286,84.9070365082845
"100","M",1.56,36,0,12,5,7,4,0,"N",0,1,1,26.8129654933518,65.2520328246208
"101","M",1.55,62,20,10,0,0,4,0,"N",1,2,3,26.8129654933518,64.4181495977776
"102","M",1.64,33,0,0,0,9,0,3,"N",0,3,3,26.8129654933518,72.1161519909189
"103","M",1.57,18,0,0,0,14,17,0,"N",2,2,2,26.8129654933518,66.0912786445627
"104","V",1.74,42,0,0,3,0,4,0,"N",1,2,0,26.7980799483286,81.1338668515598
"105","M",1.67,28,0,0,0,18,20,0,"N",2,2,1,26.8129654933518,74.7786794644087
"106","V",1.8,51,80,0,1,14,8,0,"N",2,1,1,26.7980799483286,86.8257790325848
"107","M",1.65,30,0,3,3,0,1,0,"N",2,1,0,26.8129654933518,72.9982985556501
"108","M",1.57,51,0,0,0,0,0,0,"N",1,2,2,26.8129654933518,66.0912786445627
"109","M",1.58,45,120,1,0,5,3,0,"N",0,1,0,26.8129654933518,66.9358870576033
"110","M",1.61,40,0,0,0,0,5,0,"N",0,2,2,26.8129654933518,69.5018878553171
"111","V",1.73,27,90,3,2,2,0,0,"N",1,1,0,26.7980799483286,80.2039734773528
"112","V",1.71,51,40,16,0,0,0,0,"N",0,2,1,26.7980799483286,78.3602655769078
"113","V",1.81,40,10,0,1,11,2,0,"N",1,2,3,26.7980799483286,87.7931897187194
"114","V",1.82,45,0,0,0,3,0,0,"N",1,1,1,26.7980799483286,88.7659600208438
"115","M",1.55,51,0,16,2,10,0,0,"N",0,0,0,26.8129654933518,64.4181495977776
"116","V",1.79,32,20,13,5,0,8,0,"N",2,3,3,26.7980799483286,85.8637279624398
"117","M",1.69,34,0,22,0,10,11,0,"S",0,0,1,26.8129654933518,76.5805107455619
"118","M",1.64,34,0,0,0,7,0,0,"N",2,3,2,26.8129654933518,72.1161519909189
"119","V",1.74,60,0,7,1,0,0,0,"N",0,1,3,26.7980799483286,81.1338668515598
"120","V",1.76,64,0,0,3,2,2,0,"N",3,3,3,26.7980799483286,83.0097324479428
"121","M",1.66,21,100,0,2,4,0,0,"N",1,1,1,26.8129654933518,73.8858077134801
"122","V",1.66,43,0,0,2,0,0,0,"S",1,2,3,26.7980799483286,73.8447891056144
"123","M",1.71,21,10,0,0,0,0,0,"N",1,3,3,26.8129654933518,78.4037923991099
"124","V",1.8,35,0,3,3,11,3,0,"S",1,3,3,26.7980799483286,86.8257790325848
"125","M",1.72,42,50,6,0,1,3,0,"N",1,2,4,26.8129654933518,79.3234771155318
"126","V",1.75,43,0,0,0,6,4,0,"N",1,2,4,26.7980799483286,82.0691198417565
"127","M",1.75,32,0,0,5,1,5,0,"S",1,1,1,26.8129654933518,82.1147068233898
"128","M",1.61,40,0,0,2,0,0,0,"N",2,3,4,26.8129654933518,69.5018878553171
"129","V",1.74,51,20,0,0,9,12,0,"N",3,3,2,26.7980799483286,81.1338668515598
"130","V",1.78,41,30,14,3,0,0,0,"N",3,4,3,26.7980799483286,84.9070365082845
"131","V",1.7,38,0,3,2,4,5,0,"N",3,4,4,26.7980799483286,77.4464510506698
"132","V",1.73,38,0,0,0,18,14,0,"N",0,1,1,26.7980799483286,80.2039734773528
"133","M",1.64,43,170,0,2,0,10,4,"N",1,2,2,26.8129654933518,72.1161519909189
"134","V",1.75,42,70,0,4,3,7,0,"N",0,1,1,26.7980799483286,82.0691198417565
"135","V",1.81,18,0,6,0,0,0,0,"N",3,4,4,26.7980799483286,87.7931897187194
"136","M",1.64,36,0,0,0,13,1,0,"N",1,0,0,26.8129654933518,72.1161519909189
"137","V",1.71,40,0,0,9,0,0,0,"N",2,4,3,26.7980799483286,78.3602655769078
"138","V",1.75,34,0,0,6,3,9,3,"N",3,4,4,26.7980799483286,82.0691198417565
"139","M",1.65,44,0,0,0,18,6,0,"N",0,0,1,26.8129654933518,72.9982985556501
"140","M",1.69,18,0,0,2,22,0,0,"N",2,4,2,26.8129654933518,76.5805107455619
"141","M",1.68,56,0,0,3,10,0,0,"N",2,2,1,26.8129654933518,75.676913808436
"142","V",1.76,66,20,0,0,0,0,0,"N",0,0,1,26.7980799483286,83.0097324479428
"143","V",1.8,23,0,15,3,0,4,0,"N",1,2,2,26.7980799483286,86.8257790325848
"144","M",1.68,55,0,0,3,7,0,0,"N",2,3,3,26.8129654933518,75.676913808436
"145","V",1.71,38,0,9,0,0,6,0,"N",3,4,3,26.7980799483286,78.3602655769078
"146","M",1.65,24,0,0,1,4,1,0,"S",1,3,4,26.8129654933518,72.9982985556501
"147","V",1.73,51,0,0,1,13,9,0,"N",2,2,1,26.7980799483286,80.2039734773528
"148","M",1.71,20,0,3,0,0,0,0,"N",2,3,2,26.8129654933518,78.4037923991099
"149","M",1.62,32,0,0,0,21,7,0,"S",1,4,4,26.8129654933518,70.3679466407524
"150","V",1.76,72,0,3,4,0,1,0,"N",1,2,2,26.7980799483286,83.0097324479428
"151","M",1.68,64,130,0,0,16,9,1,"N",0,0,0,26.8129654933518,75.676913808436
"152","V",1.79,22,30,0,3,0,4,0,"N",2,4,4,26.7980799483286,85.8637279624398
"153","M",1.65,18,0,0,2,0,0,0,"N",2,3,4,26.8129654933518,72.9982985556501
"154","V",1.65,53,0,4,0,5,4,0,"N",1,3,3,26.7980799483286,72.9577726593247
"155","V",1.74,35,0,8,1,9,0,0,"N",1,2,4,26.7980799483286,81.1338668515598
"156","V",1.73,26,30,1,1,4,6,0,"N",3,4,4,26.7980799483286,80.2039734773528
"157","M",1.71,38,0,0,0,0,5,0,"N",0,0,1,26.8129654933518,78.4037923991099
"158","V",1.81,48,0,0,3,0,0,0,"N",1,0,0,26.7980799483286,87.7931897187194
"159","V",1.78,65,70,0,2,0,5,0,"N",1,2,1,26.7980799483286,84.9070365082845
"160","M",1.7,42,30,0,1,6,12,6,"N",4,4,4,26.8129654933518,77.4894702757866
"161","M",1.61,39,60,0,0,5,9,2,"S",2,3,2,26.8129654933518,69.5018878553171
"162","M",1.69,51,0,5,2,0,0,0,"N",1,4,4,26.8129654933518,76.5805107455619
"163","M",1.69,52,50,0,3,0,5,0,"S",0,0,1,26.8129654933518,76.5805107455619
"164","V",1.59,18,0,0,0,10,5,0,"N",0,1,1,26.7980799483286,67.7482259173696
"165","M",1.7,49,0,0,2,0,0,0,"S",2,3,3,26.8129654933518,77.4894702757866
"166","V",1.76,34,0,26,1,5,1,0,"N",2,2,1,26.7980799483286,83.0097324479428
"167","M",1.64,27,0,0,0,0,0,2,"N",1,1,1,26.8129654933518,72.1161519909189
"168","V",1.71,49,30,2,2,2,3,0,"N",1,2,2,26.7980799483286,78.3602655769078
"169","V",1.75,21,50,3,4,13,7,0,"N",1,2,2,26.7980799483286,82.0691198417565
"170","V",1.66,53,0,2,1,18,7,0,"N",1,2,3,26.7980799483286,73.8447891056144
"171","M",1.63,47,30,9,2,7,0,2,"N",1,2,2,26.8129654933518,71.2393680192863
"172","V",1.75,50,0,0,4,0,7,0,"N",2,2,3,26.7980799483286,82.0691198417565
"173","V",1.69,48,0,0,0,15,13,0,"N",0,0,0,26.7980799483286,76.5379961404214
"174","V",1.7,46,0,0,0,0,2,0,"N",0,0,3,26.7980799483286,77.4464510506698
"175","M",1.56,45,0,3,7,0,1,0,"N",0,1,0,26.8129654933518,65.2520328246208
"176","M",1.66,57,0,12,7,0,4,0,"N",1,2,2,26.8129654933518,73.8858077134801
"177","V",1.87,42,0,0,1,0,4,0,"S",1,3,3,26.7980799483286,93.7102057713104
"178","V",1.72,43,20,7,6,19,19,1,"N",2,2,1,26.7980799483286,79.2794397191354
"179","M",1.61,47,0,0,0,14,6,0,"N",3,4,2,26.8129654933518,69.5018878553171
"180","V",1.79,19,0,0,4,0,0,0,"N",0,1,1,26.7980799483286,85.8637279624398
"181","M",1.68,35,0,2,0,0,0,0,"N",1,2,1,26.8129654933518,75.676913808436
"182","M",1.76,24,0,5,2,0,0,0,"N",0,1,2,26.8129654933518,83.0558419122064
"183","V",1.73,42,0,12,0,8,2,0,"N",1,3,2,26.7980799483286,80.2039734773528
"184","M",1.62,57,0,5,0,19,3,0,"N",1,1,1,26.8129654933518,70.3679466407524
"185","V",1.87,32,90,1,5,2,1,2,"N",0,2,0,26.7980799483286,93.7102057713104
"186","V",1.69,52,0,20,0,9,8,0,"N",1,2,1,26.7980799483286,76.5379961404214
"187","V",1.76,24,0,0,0,0,0,0,"N",1,2,2,26.7980799483286,83.0097324479428
"188","M",1.63,46,0,0,3,12,7,0,"S",2,4,4,26.8129654933518,71.2393680192863
"189","V",1.78,49,90,1,0,0,0,4,"N",1,3,1,26.7980799483286,84.9070365082845
"190","V",1.73,42,0,14,0,1,0,0,"N",0,1,1,26.7980799483286,80.2039734773528
"191","V",1.85,18,0,0,0,0,0,0,"N",2,3,2,26.7980799483286,91.7164286231548
"192","M",1.63,61,10,0,1,12,3,0,"N",2,1,2,26.8129654933518,71.2393680192863
"193","V",1.66,43,0,7,0,2,0,0,"N",0,2,3,26.7980799483286,73.8447891056144
"194","M",1.61,72,0,0,2,0,0,0,"S",0,1,1,26.8129654933518,69.5018878553171
"195","V",1.74,36,0,0,0,27,18,0,"S",1,1,2,26.7980799483286,81.1338668515598
"196","V",1.77,19,0,0,4,0,0,0,"N",2,3,4,26.7980799483286,83.9557046701188
"197","M",1.58,51,0,7,3,2,0,0,"N",1,2,2,26.8129654933518,66.9358870576033
"198","M",1.65,40,0,10,0,15,8,0,"N",1,2,3,26.8129654933518,72.9982985556501
"199","V",1.82,46,0,0,0,28,18,0,"N",2,0,0,26.7980799483286,88.7659600208438
"200","V",1.82,41,70,0,3,4,3,0,"N",4,4,2,26.7980799483286,88.7659600208438
"201","V",1.74,54,0,0,1,0,0,1,"N",1,1,2,26.7980799483286,81.1338668515598
"202","V",1.73,44,0,0,1,2,0,2,"N",2,4,3,26.7980799483286,80.2039734773528
"203","M",1.66,37,0,8,0,10,8,0,"N",1,2,2,26.8129654933518,73.8858077134801
"204","V",1.74,29,10,0,0,0,0,0,"N",3,4,4,26.7980799483286,81.1338668515598
"205","M",1.62,53,10,1,0,0,0,1,"N",1,1,0,26.8129654933518,70.3679466407524
"206","V",1.74,49,0,2,2,0,1,0,"S",0,3,2,26.7980799483286,81.1338668515598
"207","M",1.71,44,0,0,0,7,0,0,"N",1,1,1,26.8129654933518,78.4037923991099
"208","V",1.79,39,0,5,0,0,0,0,"N",3,4,2,26.7980799483286,85.8637279624398
"209","V",1.78,18,0,0,2,19,9,0,"N",3,4,3,26.7980799483286,84.9070365082845
"210","M",1.73,45,20,1,5,0,0,0,"N",2,3,3,26.8129654933518,80.2485244250525
"211","V",1.7,26,0,0,6,6,5,0,"N",0,1,1,26.7980799483286,77.4464510506698
"212","M",1.64,30,0,0,0,5,10,0,"N",2,3,4,26.8129654933518,72.1161519909189
"213","V",1.78,24,0,0,6,0,0,0,"N",2,3,2,26.7980799483286,84.9070365082845
"214","V",1.69,38,0,0,0,11,8,0,"N",2,3,3,26.7980799483286,76.5379961404214
"215","M",1.72,49,50,0,0,10,4,0,"N",1,2,4,26.8129654933518,79.3234771155318
"216","V",1.74,18,0,0,0,11,1,0,"N",1,0,0,26.7980799483286,81.1338668515598
"217","M",1.62,34,0,13,0,5,1,0,"N",0,1,0,26.8129654933518,70.3679466407524
"218","M",1.67,41,0,1,5,0,5,0,"N",2,3,1,26.8129654933518,74.7786794644087
"219","V",1.72,35,0,0,0,15,0,0,"N",1,3,2,26.7980799483286,79.2794397191354
"220","V",1.8,36,0,10,1,8,1,0,"N",1,2,1,26.7980799483286,86.8257790325848
"221","M",1.63,53,0,0,0,6,0,0,"S",0,2,1,26.8129654933518,71.2393680192863
"222","M",1.67,60,20,0,3,2,1,0,"N",0,0,0,26.8129654933518,74.7786794644087
"223","V",1.76,44,70,0,7,0,7,0,"N",4,2,2,26.7980799483286,83.0097324479428
"224","V",1.81,48,20,15,2,0,0,7,"N",2,2,2,26.7980799483286,87.7931897187194
"225","V",1.86,41,0,9,0,9,0,3,"N",2,2,0,26.7980799483286,92.7106373892378
"226","M",1.63,59,0,3,3,0,2,0,"N",0,1,2,26.8129654933518,71.2393680192863
"227","M",1.63,38,50,0,1,17,15,0,"N",3,2,2,26.8129654933518,71.2393680192863
"228","V",1.77,52,0,0,0,11,3,0,"S",1,3,3,26.7980799483286,83.9557046701188
"229","V",1.71,39,0,1,0,5,0,0,"N",1,2,1,26.7980799483286,78.3602655769078
"230","V",1.71,37,0,10,1,15,15,0,"N",3,4,4,26.7980799483286,78.3602655769078
"231","M",1.63,54,0,0,0,0,0,7,"N",1,2,2,26.8129654933518,71.2393680192863
"232","M",1.73,21,10,2,1,3,4,4,"N",2,3,2,26.8129654933518,80.2485244250525
"233","V",1.7,44,0,2,0,0,0,0,"N",2,3,1,26.7980799483286,77.4464510506698
"234","V",1.81,51,0,0,1,0,0,0,"S",2,4,4,26.7980799483286,87.7931897187194
"235","V",1.77,45,0,0,0,21,15,0,"S",1,0,0,26.7980799483286,83.9557046701188
"236","V",1.75,18,220,0,2,0,0,7,"N",1,1,0,26.7980799483286,82.0691198417565
"237","M",1.62,57,0,0,0,5,1,0,"N",2,1,2,26.8129654933518,70.3679466407524
"238","M",1.6,24,140,0,2,0,4,7,"N",2,2,1,26.8129654933518,68.6411916629805
"239","V",1.83,35,40,3,4,0,2,0,"N",1,1,2,26.7980799483286,89.7440899389578
"240","M",1.62,45,0,10,0,0,4,0,"N",1,1,0,26.8129654933518,70.3679466407524
"241","V",1.77,45,10,1,0,10,0,0,"N",2,3,4,26.7980799483286,83.9557046701188
"242","M",1.73,25,20,0,6,0,1,0,"N",2,2,2,26.8129654933518,80.2485244250525
"243","M",1.69,41,0,0,0,0,3,0,"N",0,1,1,26.8129654933518,76.5805107455619
"244","V",1.78,66,0,1,1,20,6,0,"N",1,2,2,26.7980799483286,84.9070365082845
"245","M",1.71,62,80,3,5,10,3,0,"N",1,1,3,26.8129654933518,78.4037923991099
"246","M",1.7,18,0,4,0,4,3,0,"N",2,4,4,26.8129654933518,77.4894702757866
"247","M",1.68,45,0,0,0,0,4,0,"N",0,1,1,26.8129654933518,75.676913808436
"248","V",1.78,59,0,4,0,7,18,3,"N",2,3,2,26.7980799483286,84.9070365082845
"249","V",1.76,30,0,6,3,1,11,0,"N",1,2,2,26.7980799483286,83.0097324479428
"250","V",1.74,51,0,0,5,0,0,0,"S",1,1,1,26.7980799483286,81.1338668515598
"251","V",1.68,50,0,2,3,16,4,0,"S",2,4,4,26.7980799483286,75.6349008461627
"252","V",1.78,51,220,0,3,2,0,0,"N",0,0,1,26.7980799483286,84.9070365082845
"253","M",1.7,39,0,8,5,0,0,0,"N",2,3,3,26.8129654933518,77.4894702757866
"254","V",1.7,67,10,0,7,0,0,0,"N",3,4,3,26.7980799483286,77.4464510506698
"255","V",1.82,25,0,0,1,4,4,0,"N",2,2,1,26.7980799483286,88.7659600208438
"256","V",1.68,19,0,27,1,0,4,0,"N",0,2,3,26.7980799483286,75.6349008461627
"257","V",1.63,59,150,3,3,10,9,0,"N",2,2,1,26.7980799483286,71.1998186147144
"258","M",1.7,50,0,0,2,1,6,0,"N",2,4,4,26.8129654933518,77.4894702757866
"259","M",1.65,56,100,0,2,6,2,5,"N",2,0,2,26.8129654933518,72.9982985556501
"260","V",1.77,66,140,0,4,4,7,0,"N",1,2,2,26.7980799483286,83.9557046701188
"261","M",1.58,66,0,0,5,0,8,0,"N",1,2,3,26.8129654933518,66.9358870576033
"262","V",1.82,36,0,5,7,6,4,0,"N",2,4,4,26.7980799483286,88.7659600208438
"263","M",1.67,18,100,0,0,6,3,0,"N",2,4,4,26.8129654933518,74.7786794644087
"264","V",1.75,18,110,0,0,4,0,0,"N",0,3,4,26.7980799483286,82.0691198417565
"265","M",1.69,18,0,16,2,1,0,0,"N",2,2,2,26.8129654933518,76.5805107455619
"266","V",1.78,53,120,0,7,0,9,0,"N",0,0,0,26.7980799483286,84.9070365082845
"267","M",1.57,63,90,1,0,19,7,0,"N",2,2,2,26.8129654933518,66.0912786445627
"268","M",1.59,58,0,7,4,0,0,7,"N",2,3,1,26.8129654933518,67.7858580637426
"269","V",1.73,27,80,6,5,0,0,1,"N",2,2,3,26.7980799483286,80.2039734773528
"270","V",1.72,60,0,0,3,0,0,0,"N",2,2,2,26.7980799483286,79.2794397191354
"271","M",1.74,41,0,6,0,5,0,0,"N",1,1,2,26.8129654933518,81.1789343276718
"272","V",1.74,28,0,0,1,0,0,0,"N",0,3,2,26.7980799483286,81.1338668515598
"273","M",1.65,37,0,7,2,0,0,0,"N",2,2,4,26.8129654933518,72.9982985556501
"274","M",1.62,44,0,1,1,5,11,0,"N",1,2,1,26.8129654933518,70.3679466407524
"275","V",1.73,18,50,3,0,0,0,0,"N",0,1,1,26.7980799483286,80.2039734773528
"276","V",1.78,60,0,1,0,0,0,0,"N",1,3,4,26.7980799483286,84.9070365082845
"277","M",1.59,34,0,8,2,12,11,0,"N",3,3,3,26.8129654933518,67.7858580637426
"278","M",1.76,18,0,11,5,0,7,0,"N",1,1,0,26.8129654933518,83.0558419122064
"279","V",1.79,31,0,7,2,1,6,3,"N",1,0,0,26.7980799483286,85.8637279624398
"280","V",1.74,51,0,0,0,7,8,0,"S",2,3,2,26.7980799483286,81.1338668515598
"281","M",1.67,53,0,0,7,0,0,0,"N",2,3,2,26.8129654933518,74.7786794644087
"282","M",1.64,26,0,3,1,3,3,0,"N",2,2,2,26.8129654933518,72.1161519909189
"283","V",1.7,31,0,8,2,0,2,0,"N",2,4,4,26.7980799483286,77.4464510506698
"284","M",1.61,25,0,9,7,0,1,0,"N",2,2,1,26.8129654933518,69.5018878553171
"285","M",1.61,39,0,0,1,4,0,0,"N",2,2,1,26.8129654933518,69.5018878553171
"286","V",1.83,45,0,18,0,0,3,0,"N",2,2,2,26.7980799483286,89.7440899389578
"287","M",1.68,37,0,4,1,1,3,0,"N",1,3,3,26.8129654933518,75.676913808436
"288","V",1.81,45,0,2,0,9,3,0,"N",0,2,1,26.7980799483286,87.7931897187194
"289","M",1.61,41,0,3,0,3,0,0,"N",1,3,0,26.8129654933518,69.5018878553171
"290","M",1.69,48,0,0,5,0,7,0,"N",1,1,1,26.8129654933518,76.5805107455619
"291","M",1.68,73,0,0,2,0,0,0,"N",0,0,2,26.8129654933518,75.676913808436
"292","V",1.72,45,0,14,1,8,12,0,"N",0,0,0,26.7980799483286,79.2794397191354
"293","M",1.69,52,0,2,0,0,4,0,"N",3,4,4,26.8129654933518,76.5805107455619
"294","M",1.63,41,0,5,1,12,2,0,"N",1,3,4,26.8129654933518,71.2393680192863
"295","M",1.69,35,10,0,6,8,12,0,"N",2,4,4,26.8129654933518,76.5805107455619
"296","M",1.72,21,0,0,6,10,3,0,"N",2,1,1,26.8129654933518,79.3234771155318
"297","M",1.59,52,0,0,2,11,6,1,"N",0,0,1,26.8129654933518,67.7858580637426
"298","M",1.63,18,0,23,3,8,0,0,"N",3,3,2,26.8129654933518,71.2393680192863
"299","V",1.77,54,0,8,0,22,8,10,"N",2,3,3,26.7980799483286,83.9557046701188
"300","M",1.57,18,0,0,0,10,3,0,"N",2,2,1,26.8129654933518,66.0912786445627
"301","V",1.75,37,0,0,4,2,4,0,"N",2,4,4,26.7980799483286,82.0691198417565
"302","V",1.68,55,0,27,4,4,2,0,"N",2,4,4,26.7980799483286,75.6349008461627
"303","V",1.67,59,0,14,0,0,2,0,"N",1,1,2,26.7980799483286,74.7371651678937
"304","M",1.61,18,0,4,0,8,0,0,"N",0,0,0,26.8129654933518,69.5018878553171
"305","M",1.65,45,0,15,0,0,0,0,"N",3,4,4,26.8129654933518,72.9982985556501
"306","V",1.74,21,0,0,6,21,11,0,"N",1,1,3,26.7980799483286,81.1338668515598
"307","V",1.71,18,60,5,0,5,8,0,"N",1,4,4,26.7980799483286,78.3602655769078
"308","V",1.7,44,50,3,0,0,0,0,"N",1,2,3,26.7980799483286,77.4464510506698
"309","V",1.72,54,0,7,4,0,4,0,"N",2,2,0,26.7980799483286,79.2794397191354
"310","V",1.68,67,0,5,0,7,12,0,"N",1,3,3,26.7980799483286,75.6349008461627
"311","V",1.71,30,0,12,0,6,0,3,"N",1,3,4,26.7980799483286,78.3602655769078
"312","M",1.62,41,0,18,4,0,2,0,"N",0,1,0,26.8129654933518,70.3679466407524
"313","M",1.61,42,0,0,5,19,1,0,"N",1,2,0,26.8129654933518,69.5018878553171
"314","V",1.69,41,0,0,2,10,13,0,"N",0,1,2,26.7980799483286,76.5379961404214
"315","V",1.71,38,0,0,0,2,0,0,"N",0,2,2,26.7980799483286,78.3602655769078
"316","V",1.71,26,0,0,0,15,8,0,"N",0,2,4,26.7980799483286,78.3602655769078
"317","M",1.65,53,120,0,4,9,6,0,"N",2,4,4,26.8129654933518,72.9982985556501
"318","V",1.78,31,0,9,5,12,5,0,"S",0,0,2,26.7980799483286,84.9070365082845
"319","M",1.74,35,190,3,6,2,0,0,"N",1,1,1,26.8129654933518,81.1789343276718
"320","V",1.8,22,0,0,0,0,0,0,"N",2,2,3,26.7980799483286,86.8257790325848
"321","V",1.77,45,0,17,2,15,11,0,"N",1,1,1,26.7980799483286,83.9557046701188
"322","M",1.65,32,130,0,2,0,3,0,"N",1,4,3,26.8129654933518,72.9982985556501
"323","V",1.71,71,60,0,0,11,0,0,"N",1,0,0,26.7980799483286,78.3602655769078
"324","V",1.74,42,0,12,6,1,0,0,"S",2,4,4,26.7980799483286,81.1338668515598
"325","M",1.55,45,0,9,3,0,0,0,"N",1,1,2,26.8129654933518,64.4181495977776
"326","M",1.66,37,0,0,0,0,0,0,"N",0,1,3,26.8129654933518,73.8858077134801
"327","V",1.77,37,110,5,8,0,0,2,"N",1,3,4,26.7980799483286,83.9557046701188
"328","V",1.82,55,140,0,0,4,2,0,"N",0,1,2,26.7980799483286,88.7659600208438
"329","V",1.71,21,0,17,1,14,5,0,"N",3,4,4,26.7980799483286,78.3602655769078
"330","V",1.81,42,0,4,1,11,9,0,"N",1,3,3,26.7980799483286,87.7931897187194
"331","M",1.7,56,0,4,1,17,0,0,"N",4,3,2,26.8129654933518,77.4894702757866
"332","V",1.8,22,0,0,5,0,7,0,"N",2,1,1,26.7980799483286,86.8257790325848
"333","V",1.78,62,0,0,4,0,6,0,"S",1,1,1,26.7980799483286,84.9070365082845
"334","M",1.57,52,0,0,4,0,0,0,"N",1,2,4,26.8129654933518,66.0912786445627
"335","V",1.7,28,0,0,0,0,0,1,"N",1,3,2,26.7980799483286,77.4464510506698
"336","M",1.63,23,100,0,0,1,3,0,"S",1,2,3,26.8129654933518,71.2393680192863
"337","M",1.65,42,140,1,2,0,4,0,"N",3,4,3,26.8129654933518,72.9982985556501
"338","V",1.68,37,0,2,0,25,13,0,"N",1,3,2,26.7980799483286,75.6349008461627
"339","V",1.8,44,0,0,2,0,0,0,"N",2,4,4,26.7980799483286,86.8257790325848
"340","V",1.79,53,70,22,1,4,10,0,"S",0,0,1,26.7980799483286,85.8637279624398
"341","V",1.72,49,0,4,5,0,0,0,"N",1,2,3,26.7980799483286,79.2794397191354
"342","M",1.76,53,20,0,0,7,8,0,"N",2,3,3,26.8129654933518,83.0558419122064
"343","M",1.73,28,0,0,1,7,13,0,"N",2,3,3,26.8129654933518,80.2485244250525
"344","V",1.72,37,70,0,7,0,0,0,"N",0,3,3,26.7980799483286,79.2794397191354
"345","V",1.84,43,0,0,0,21,19,0,"N",1,2,4,26.7980799483286,90.7275794730614
"346","V",1.92,35,40,18,0,0,5,0,"N",2,2,3,26.7980799483286,98.7884419215187
"347","V",1.84,53,40,13,0,0,2,0,"N",2,2,2,26.7980799483286,90.7275794730614
"348","M",1.65,35,120,0,2,1,0,0,"N",0,0,0,26.8129654933518,72.9982985556501
"349","M",1.61,18,20,0,0,0,0,0,"S",1,1,1,26.8129654933518,69.5018878553171
"350","V",1.73,34,0,4,3,0,1,0,"N",2,3,2,26.7980799483286,80.2039734773528
"351","V",1.66,40,0,11,2,9,3,0,"N",1,3,3,26.7980799483286,73.8447891056144
"352","V",1.72,21,0,9,0,0,0,0,"N",2,2,2,26.7980799483286,79.2794397191354
"353","V",1.82,44,0,4,0,3,3,0,"N",0,1,0,26.7980799483286,88.7659600208438
"354","M",1.67,18,0,0,2,2,1,8,"N",2,3,1,26.8129654933518,74.7786794644087
"355","M",1.61,47,0,0,0,10,6,0,"N",1,2,3,26.8129654933518,69.5018878553171
"356","M",1.63,48,50,0,1,12,16,9,"N",1,1,0,26.8129654933518,71.2393680192863
"357","M",1.68,41,0,13,0,2,5,0,"N",0,1,1,26.8129654933518,75.676913808436
"358","M",1.58,45,0,13,1,1,0,0,"N",2,3,4,26.8129654933518,66.9358870576033
"359","M",1.61,58,20,8,7,9,0,0,"N",2,3,2,26.8129654933518,69.5018878553171
"360","M",1.62,38,0,0,5,0,0,0,"N",1,0,0,26.8129654933518,70.3679466407524
"361","V",1.8,51,80,7,0,0,4,0,"N",2,3,4,26.7980799483286,86.8257790325848
"362","M",1.68,64,0,3,0,7,1,0,"S",1,2,0,26.8129654933518,75.676913808436
"363","M",1.69,43,0,9,0,0,0,0,"N",1,3,4,26.8129654933518,76.5805107455619
"364","V",1.61,28,0,13,0,6,1,0,"N",3,3,3,26.7980799483286,69.4633030340627
"365","M",1.68,43,0,5,2,0,0,2,"N",2,3,4,26.8129654933518,75.676913808436
"366","V",1.74,65,0,13,4,8,7,0,"N",1,2,1,26.7980799483286,81.1338668515598
"367","V",1.75,55,50,0,0,0,0,0,"N",2,4,4,26.7980799483286,82.0691198417565
"368","V",1.77,18,30,3,2,0,4,5,"S",1,2,2,26.7980799483286,83.9557046701188
"369","V",1.7,43,0,6,0,4,1,2,"N",2,2,2,26.7980799483286,77.4464510506698
"370","M",1.72,19,0,0,0,0,2,0,"N",1,2,1,26.8129654933518,79.3234771155318
"371","V",1.76,22,0,17,1,1,2,2,"N",0,1,2,26.7980799483286,83.0097324479428
"372","V",1.78,39,30,0,0,16,3,3,"N",1,1,3,26.7980799483286,84.9070365082845
"373","M",1.66,59,0,24,2,3,3,0,"N",0,1,2,26.8129654933518,73.8858077134801
"374","V",1.76,18,0,19,5,11,0,0,"N",0,1,1,26.7980799483286,83.0097324479428
"375","V",1.77,31,0,5,2,1,1,0,"N",2,4,4,26.7980799483286,83.9557046701188
"376","M",1.68,28,0,0,3,7,4,1,"N",2,2,3,26.8129654933518,75.676913808436
"377","M",1.66,32,190,6,3,0,0,7,"N",0,3,4,26.8129654933518,73.8858077134801
"378","V",1.71,44,0,0,2,20,25,1,"N",0,2,1,26.7980799483286,78.3602655769078
"379","V",1.82,27,30,11,0,2,4,0,"N",1,2,2,26.7980799483286,88.7659600208438
"380","V",1.77,70,0,0,0,12,9,0,"N",1,0,2,26.7980799483286,83.9557046701188
"381","V",1.71,42,0,0,3,10,9,0,"N",1,1,2,26.7980799483286,78.3602655769078
"382","M",1.72,18,0,0,1,1,3,0,"N",2,4,4,26.8129654933518,79.3234771155318
"383","V",1.79,29,0,0,2,42,19,0,"N",3,3,4,26.7980799483286,85.8637279624398
"384","V",1.77,31,0,0,2,13,8,0,"N",1,2,1,26.7980799483286,83.9557046701188
"385","M",1.63,54,0,17,1,0,4,0,"N",3,3,4,26.8129654933518,71.2393680192863
"386","M",1.54,38,0,20,5,2,4,0,"N",1,4,2,26.8129654933518,63.589628964033
"387","M",1.61,45,0,24,0,3,1,3,"N",1,2,2,26.8129654933518,69.5018878553171
"388","M",1.68,62,120,1,0,17,13,0,"N",2,4,4,26.8129654933518,75.676913808436
"389","V",1.77,18,0,0,1,6,0,0,"N",1,3,3,26.7980799483286,83.9557046701188
"390","V",1.77,26,0,0,1,1,0,0,"S",1,3,2,26.7980799483286,83.9557046701188
"391","V",1.63,54,0,0,0,30,17,0,"S",2,3,2,26.7980799483286,71.1998186147144
"392","V",1.77,30,0,0,3,7,2,1,"N",1,2,3,26.7980799483286,83.9557046701188
"393","M",1.62,35,0,0,6,0,0,0,"N",2,4,4,26.8129654933518,70.3679466407524
"394","V",1.67,30,140,15,6,0,7,5,"N",1,2,2,26.7980799483286,74.7371651678937
"395","M",1.64,43,0,0,0,5,0,0,"N",0,1,0,26.8129654933518,72.1161519909189
"396","M",1.7,48,0,9,4,0,5,0,"N",3,4,4,26.8129654933518,77.4894702757866
"397","V",1.71,34,0,5,3,18,7,0,"N",1,3,3,26.7980799483286,78.3602655769078
"398","V",1.76,34,0,16,2,3,5,0,"N",1,3,4,26.7980799483286,83.0097324479428
"399","V",1.69,61,170,13,2,33,22,0,"N",1,1,2,26.7980799483286,76.5379961404214
"400","V",1.75,41,20,0,0,0,0,5,"N",3,4,2,26.7980799483286,82.0691198417565
"401","V",1.77,50,0,0,0,15,5,0,"N",1,3,2,26.7980799483286,83.9557046701188
"402","V",1.7,49,0,0,2,10,4,0,"N",1,1,1,26.7980799483286,77.4464510506698
"403","M",1.65,18,0,9,4,15,9,0,"N",3,4,4,26.8129654933518,72.9982985556501
"404","V",1.77,18,0,13,0,2,0,0,"S",2,4,4,26.7980799483286,83.9557046701188
"405","M",1.66,56,50,7,5,0,1,0,"S",3,4,4,26.8129654933518,73.8858077134801
"406","V",1.8,57,60,0,4,10,9,0,"N",1,1,1,26.7980799483286,86.8257790325848
"407","V",1.75,47,0,3,1,24,4,0,"N",0,3,3,26.7980799483286,82.0691198417565
"408","V",1.75,41,30,1,2,0,0,0,"N",3,3,2,26.7980799483286,82.0691198417565
"409","M",1.69,21,20,18,0,16,2,0,"N",2,2,2,26.8129654933518,76.5805107455619
"410","M",1.7,57,0,4,4,6,0,0,"N",1,2,2,26.8129654933518,77.4894702757866
"411","M",1.62,33,0,23,0,4,2,0,"N",1,1,0,26.8129654933518,70.3679466407524
"412","M",1.68,37,0,0,1,0,0,0,"N",2,2,2,26.8129654933518,75.676913808436
"413","M",1.59,43,120,0,0,1,0,0,"N",1,1,2,26.8129654933518,67.7858580637426
"414","M",1.59,34,0,8,1,8,2,0,"N",3,4,4,26.8129654933518,67.7858580637426
"415","V",1.81,55,0,12,3,0,1,0,"N",0,0,0,26.7980799483286,87.7931897187194
"416","V",1.84,33,0,1,2,6,3,2,"N",2,2,2,26.7980799483286,90.7275794730614
"417","M",1.67,34,0,0,2,2,6,0,"N",3,3,4,26.8129654933518,74.7786794644087
"418","M",1.58,18,0,0,2,0,4,0,"N",1,2,3,26.8129654933518,66.9358870576033
"419","M",1.61,33,0,15,1,9,8,0,"N",1,2,0,26.8129654933518,69.5018878553171
"420","M",1.65,32,0,0,4,18,8,0,"N",3,3,3,26.8129654933518,72.9982985556501
"421","V",1.76,47,0,3,0,12,8,0,"N",2,4,4,26.7980799483286,83.0097324479428
"422","V",1.73,32,40,11,0,13,6,0,"N",1,3,4,26.7980799483286,80.2039734773528
"423","M",1.66,18,10,0,0,10,3,0,"N",0,2,2,26.8129654933518,73.8858077134801
"424","V",1.68,39,30,3,0,9,0,0,"N",0,0,0,26.7980799483286,75.6349008461627
"425","M",1.57,59,30,0,1,0,0,0,"N",0,1,2,26.8129654933518,66.0912786445627
"426","M",1.65,41,0,0,5,6,7,0,"N",1,3,4,26.8129654933518,72.9982985556501
"427","M",1.69,45,0,17,0,15,11,2,"N",0,1,0,26.8129654933518,76.5805107455619
"428","M",1.59,33,0,7,2,0,2,5,"N",0,3,3,26.8129654933518,67.7858580637426
"429","V",1.76,40,0,0,0,8,5,0,"N",0,1,1,26.7980799483286,83.0097324479428
"430","M",1.76,50,0,1,3,0,4,0,"N",3,3,3,26.8129654933518,83.0558419122064
"431","V",1.74,45,0,21,3,0,0,1,"N",2,2,3,26.7980799483286,81.1338668515598
"432","M",1.62,32,0,0,0,1,5,0,"N",2,4,4,26.8129654933518,70.3679466407524
"433","M",1.67,46,0,0,3,0,2,0,"S",0,0,1,26.8129654933518,74.7786794644087
"434","M",1.72,22,50,2,0,10,1,0,"S",2,0,1,26.8129654933518,79.3234771155318
"435","V",1.72,30,0,15,2,11,6,0,"N",2,3,2,26.7980799483286,79.2794397191354
"436","M",1.72,35,0,4,3,0,3,0,"N",2,3,1,26.8129654933518,79.3234771155318
"437","V",1.75,27,0,6,0,9,0,0,"N",0,1,0,26.7980799483286,82.0691198417565
"438","V",1.75,30,30,8,3,18,9,0,"N",0,2,4,26.7980799483286,82.0691198417565
"439","V",1.74,29,0,3,4,0,0,0,"N",2,3,3,26.7980799483286,81.1338668515598
"440","M",1.7,28,100,14,0,11,7,0,"N",0,0,0,26.8129654933518,77.4894702757866
"441","V",1.77,63,80,0,0,11,0,4,"N",2,2,3,26.7980799483286,83.9557046701188
"442","V",1.74,67,0,0,10,0,3,0,"S",1,1,2,26.7980799483286,81.1338668515598
"443","V",1.66,38,50,28,0,0,4,4,"N",1,3,4,26.7980799483286,73.8447891056144
"444","M",1.59,44,0,3,0,0,0,0,"N",1,3,4,26.8129654933518,67.7858580637426
"445","V",1.68,68,0,0,4,16,5,0,"N",3,4,4,26.7980799483286,75.6349008461627
"446","M",1.6,32,0,0,2,2,0,0,"N",1,1,0,26.8129654933518,68.6411916629805
"447","V",1.73,41,0,0,0,4,0,0,"N",1,3,2,26.7980799483286,80.2039734773528
"448","V",1.81,45,0,10,0,0,0,1,"N",2,3,2,26.7980799483286,87.7931897187194
"449","V",1.78,60,70,8,2,0,2,0,"N",0,2,2,26.7980799483286,84.9070365082845
"450","M",1.66,46,0,0,0,0,10,0,"N",1,3,2,26.8129654933518,73.8858077134801
"451","M",1.7,49,40,0,3,0,0,0,"N",2,4,4,26.8129654933518,77.4894702757866
"452","M",1.66,47,0,2,1,0,1,2,"N",1,2,1,26.8129654933518,73.8858077134801
"453","V",1.75,30,30,27,5,0,0,0,"N",1,2,4,26.7980799483286,82.0691198417565
"454","M",1.56,54,0,1,1,6,2,0,"N",1,2,2,26.8129654933518,65.2520328246208
"455","M",1.71,18,0,0,0,6,0,3,"N",0,1,0,26.8129654933518,78.4037923991099
"456","M",1.63,59,0,13,5,18,15,0,"N",2,2,0,26.8129654933518,71.2393680192863
"457","M",1.65,44,0,1,7,5,0,2,"N",2,3,2,26.8129654933518,72.9982985556501
"458","V",1.86,20,0,0,0,29,2,0,"N",1,3,4,26.7980799483286,92.7106373892378
"459","V",1.75,24,0,13,1,0,12,0,"N",1,3,3,26.7980799483286,82.0691198417565
"460","V",1.8,18,0,0,3,0,0,0,"N",3,4,4,26.7980799483286,86.8257790325848
"461","M",1.66,40,0,9,0,19,12,1,"N",0,0,0,26.8129654933518,73.8858077134801
"462","V",1.78,63,0,0,1,0,1,0,"N",2,4,2,26.7980799483286,84.9070365082845
"463","M",1.68,52,0,0,0,5,7,0,"N",1,3,2,26.8129654933518,75.676913808436
"464","M",1.65,69,260,9,0,3,0,3,"N",2,3,4,26.8129654933518,72.9982985556501
"465","M",1.65,55,40,0,1,7,10,2,"N",1,1,1,26.8129654933518,72.9982985556501
"466","V",1.77,67,0,0,6,10,0,0,"N",1,2,2,26.7980799483286,83.9557046701188
"467","V",1.74,67,10,0,4,0,0,0,"N",0,0,0,26.7980799483286,81.1338668515598
"468","V",1.73,28,120,2,5,0,0,0,"N",1,0,0,26.7980799483286,80.2039734773528
"469","V",1.81,47,0,0,7,0,0,0,"N",1,1,0,26.7980799483286,87.7931897187194
"470","V",1.78,59,0,0,0,8,5,0,"N",1,2,3,26.7980799483286,84.9070365082845
"471","V",1.8,43,0,0,0,0,6,0,"N",1,2,2,26.7980799483286,86.8257790325848
"472","M",1.51,69,0,0,0,12,11,0,"N",0,1,2,26.8129654933518,61.1362426213913
"473","V",1.76,20,0,0,3,0,3,0,"N",2,2,2,26.7980799483286,83.0097324479428
"474","M",1.61,18,0,0,4,0,0,0,"N",1,2,1,26.8129654933518,69.5018878553171
"475","M",1.63,40,0,1,3,0,0,0,"N",3,3,3,26.8129654933518,71.2393680192863
"476","V",1.82,27,10,0,4,0,7,0,"N",1,0,0,26.7980799483286,88.7659600208438
"477","M",1.62,34,60,7,0,9,1,0,"N",3,3,4,26.8129654933518,70.3679466407524
"478","V",1.78,29,50,14,3,0,0,0,"N",0,0,1,26.7980799483286,84.9070365082845
"479","V",1.68,18,0,5,0,21,17,0,"N",1,3,1,26.7980799483286,75.6349008461627
"480","V",1.75,31,0,0,2,0,0,0,"N",0,1,1,26.7980799483286,82.0691198417565
"481","M",1.72,45,0,10,0,0,7,0,"N",0,1,1,26.8129654933518,79.3234771155318
"482","V",1.75,43,0,7,4,0,0,0,"N",0,1,1,26.7980799483286,82.0691198417565
"483","V",1.73,24,0,9,0,0,0,0,"N",1,1,1,26.7980799483286,80.2039734773528
"484","V",1.75,46,40,2,1,0,0,0,"N",3,3,4,26.7980799483286,82.0691198417565
"485","V",1.66,46,100,0,0,0,0,0,"N",1,2,4,26.7980799483286,73.8447891056144
"486","V",1.8,35,0,0,0,7,14,0,"N",4,4,4,26.7980799483286,86.8257790325848
"487","V",1.87,40,0,6,2,0,0,0,"N",2,4,3,26.7980799483286,93.7102057713104
"488","M",1.67,59,30,14,1,8,6,0,"N",1,1,0,26.8129654933518,74.7786794644087
"489","V",1.77,32,0,0,2,27,11,0,"N",0,2,2,26.7980799483286,83.9557046701188
"490","M",1.58,66,60,0,1,0,0,0,"N",1,2,2,26.8129654933518,66.9358870576033
"491","M",1.66,29,130,0,0,0,0,0,"N",1,0,0,26.8129654933518,73.8858077134801
"492","V",1.74,32,0,10,0,0,0,0,"N",2,3,1,26.7980799483286,81.1338668515598
"493","M",1.6,43,0,9,1,9,7,0,"N",2,4,4,26.8129654933518,68.6411916629805
"494","M",1.57,70,60,5,2,6,10,0,"N",2,3,3,26.8129654933518,66.0912786445627
"495","M",1.69,18,0,0,6,0,1,0,"N",1,3,4,26.8129654933518,76.5805107455619
"496","M",1.62,51,20,7,3,5,4,0,"N",1,3,4,26.8129654933518,70.3679466407524
"497","M",1.63,48,0,0,2,7,6,0,"N",2,3,4,26.8129654933518,71.2393680192863
"498","V",1.71,18,0,1,5,3,2,0,"N",0,1,1,26.7980799483286,78.3602655769078
"499","V",1.73,42,0,0,1,26,8,0,"N",0,2,2,26.7980799483286,80.2039734773528
"500","M",1.66,35,90,0,6,0,0,0,"N",1,2,1,26.8129654933518,73.8858077134801
"501","V",1.74,38,50,11,1,5,4,3,"N",1,0,0,26.7980799483286,81.1338668515598
"502","V",1.76,37,0,0,2,10,4,2,"N",2,4,2,26.7980799483286,83.0097324479428
"503","M",1.57,18,0,0,0,1,1,0,"N",3,3,3,26.8129654933518,66.0912786445627
"504","M",1.71,47,0,2,0,10,7,4,"N",2,4,3,26.8129654933518,78.4037923991099
"505","M",1.63,24,0,0,2,5,1,0,"N",2,2,2,26.8129654933518,71.2393680192863
"506","V",1.73,23,0,8,4,0,4,0,"N",2,3,2,26.7980799483286,80.2039734773528
"507","M",1.57,76,0,0,1,18,0,0,"N",1,3,3,26.8129654933518,66.0912786445627
"508","M",1.63,60,0,0,2,0,8,0,"N",2,3,3,26.8129654933518,71.2393680192863
"509","V",1.78,36,0,11,0,0,0,0,"N",3,4,1,26.7980799483286,84.9070365082845
"510","M",1.63,40,90,8,6,0,0,1,"N",0,2,2,26.8129654933518,71.2393680192863
"511","V",1.8,18,0,2,1,6,0,0,"N",1,1,2,26.7980799483286,86.8257790325848
"512","V",1.72,47,0,11,1,0,6,0,"N",1,1,1,26.7980799483286,79.2794397191354
"513","V",1.74,72,0,0,4,0,0,3,"N",1,3,4,26.7980799483286,81.1338668515598
"514","M",1.73,47,0,14,1,9,2,0,"N",1,1,1,26.8129654933518,80.2485244250525
"515","V",1.79,24,0,0,0,9,7,0,"N",3,4,4,26.7980799483286,85.8637279624398
"516","M",1.74,40,0,1,0,0,0,0,"N",2,4,4,26.8129654933518,81.1789343276718
"517","M",1.74,40,90,0,4,0,1,0,"N",2,3,2,26.8129654933518,81.1789343276718
"518","M",1.69,45,0,8,0,35,16,0,"N",1,2,3,26.8129654933518,76.5805107455619
"519","M",1.69,53,0,0,0,1,3,0,"N",1,3,4,26.8129654933518,76.5805107455619
"520","M",1.69,20,30,11,0,0,0,1,"N",1,1,2,26.8129654933518,76.5805107455619
"521","M",1.61,52,0,18,2,15,1,0,"N",1,2,2,26.8129654933518,69.5018878553171
"522","M",1.61,43,0,0,2,4,0,0,"N",0,1,0,26.8129654933518,69.5018878553171
"523","M",1.57,45,0,0,1,26,14,0,"N",4,4,4,26.8129654933518,66.0912786445627
"524","V",1.79,44,0,16,1,11,5,0,"N",2,1,0,26.7980799483286,85.8637279624398
"525","V",1.8,56,0,0,4,0,0,0,"N",1,3,2,26.7980799483286,86.8257790325848
"526","M",1.72,57,120,0,1,0,0,3,"N",1,1,1,26.8129654933518,79.3234771155318
"527","V",1.71,38,0,10,4,0,2,0,"N",3,4,4,26.7980799483286,78.3602655769078
"528","M",1.6,20,0,16,3,0,9,0,"N",1,0,0,26.8129654933518,68.6411916629805
"529","M",1.58,18,0,0,5,6,5,0,"N",2,4,4,26.8129654933518,66.9358870576033
"530","M",1.71,59,0,5,0,15,4,0,"N",0,1,2,26.8129654933518,78.4037923991099
"531","M",1.69,34,0,0,0,0,0,0,"N",3,4,4,26.8129654933518,76.5805107455619
"532","V",1.77,55,0,0,0,12,5,0,"N",2,3,1,26.7980799483286,83.9557046701188
"533","V",1.79,56,0,0,0,33,7,0,"S",0,1,2,26.7980799483286,85.8637279624398
"534","M",1.65,34,0,3,7,6,3,0,"N",3,4,4,26.8129654933518,72.9982985556501
"535","V",1.73,54,0,0,2,0,0,0,"N",1,2,3,26.7980799483286,80.2039734773528
"536","V",1.77,42,0,0,0,0,0,0,"N",0,1,1,26.7980799483286,83.9557046701188
"537","V",1.81,18,0,1,5,2,0,0,"N",2,4,4,26.7980799483286,87.7931897187194
"538","V",1.8,39,20,0,0,0,1,0,"N",2,0,1,26.7980799483286,86.8257790325848
"539","V",1.76,42,0,0,0,2,0,8,"N",0,0,0,26.7980799483286,83.0097324479428
"540","V",1.78,40,0,7,1,0,0,0,"N",1,2,2,26.7980799483286,84.9070365082845
"541","M",1.59,18,0,0,2,17,15,0,"N",2,3,1,26.8129654933518,67.7858580637426
"542","M",1.68,41,0,0,2,5,0,0,"N",1,4,4,26.8129654933518,75.676913808436
"543","M",1.61,20,80,0,0,0,0,0,"S",2,3,2,26.8129654933518,69.5018878553171
"544","V",1.77,72,0,0,1,11,2,1,"N",2,2,3,26.7980799483286,83.9557046701188
"545","M",1.7,43,70,0,1,7,6,0,"S",2,3,4,26.8129654933518,77.4894702757866
"546","V",1.81,43,0,11,0,0,1,0,"N",1,2,0,26.7980799483286,87.7931897187194
"547","M",1.72,43,0,11,0,17,0,0,"N",2,4,4,26.8129654933518,79.3234771155318
"548","V",1.72,23,0,0,3,6,0,0,"N",0,0,0,26.7980799483286,79.2794397191354
"549","M",1.65,18,0,7,0,7,7,0,"N",0,1,0,26.8129654933518,72.9982985556501
"550","M",1.67,31,0,0,1,1,2,0,"N",0,1,0,26.8129654933518,74.7786794644087
"551","M",1.69,61,30,6,0,0,7,0,"N",1,1,2,26.8129654933518,76.5805107455619
"552","V",1.72,55,0,8,4,17,9,0,"N",2,3,4,26.7980799483286,79.2794397191354
"553","V",1.7,38,10,0,4,0,1,5,"N",1,2,3,26.7980799483286,77.4464510506698
"554","V",1.79,49,0,4,5,0,6,0,"N",0,3,3,26.7980799483286,85.8637279624398
"555","V",1.7,61,70,0,2,6,1,1,"N",2,4,4,26.7980799483286,77.4464510506698
"556","V",1.69,68,0,8,7,2,4,8,"N",2,3,3,26.7980799483286,76.5379961404214
"557","V",1.73,47,10,14,3,9,0,0,"N",0,0,0,26.7980799483286,80.2039734773528
"558","M",1.65,27,0,17,0,2,0,0,"N",1,1,4,26.8129654933518,72.9982985556501
"559","M",1.69,44,0,0,0,1,0,0,"N",1,2,2,26.8129654933518,76.5805107455619
"560","M",1.67,18,0,0,2,4,0,0,"N",2,3,2,26.8129654933518,74.7786794644087
"561","V",1.83,18,0,0,1,1,11,0,"N",0,1,2,26.7980799483286,89.7440899389578
"562","M",1.63,79,130,0,2,1,0,2,"N",0,1,0,26.8129654933518,71.2393680192863
"563","M",1.57,42,100,6,2,9,12,0,"N",4,4,4,26.8129654933518,66.0912786445627
"564","M",1.68,46,0,0,0,8,0,0,"N",0,1,0,26.8129654933518,75.676913808436
"565","V",1.75,24,30,2,2,24,11,0,"N",1,4,4,26.7980799483286,82.0691198417565
"566","M",1.72,42,10,8,1,0,0,0,"N",3,3,4,26.8129654933518,79.3234771155318
"567","V",1.77,48,0,7,1,13,10,0,"N",2,3,2,26.7980799483286,83.9557046701188
"568","M",1.72,39,0,7,2,12,0,0,"N",1,3,3,26.8129654933518,79.3234771155318
"569","M",1.68,63,0,0,3,4,0,0,"N",1,1,2,26.8129654933518,75.676913808436
"570","V",1.73,48,60,0,5,5,7,1,"N",3,4,4,26.7980799483286,80.2039734773528
"571","M",1.61,72,0,14,0,14,12,5,"S",1,3,4,26.8129654933518,69.5018878553171
"572","V",1.81,20,0,16,0,0,7,2,"S",2,3,2,26.7980799483286,87.7931897187194
"573","V",1.76,51,0,0,1,12,0,0,"N",0,4,4,26.7980799483286,83.0097324479428
"574","M",1.72,35,120,0,2,4,1,4,"N",2,2,3,26.8129654933518,79.3234771155318
"575","M",1.63,40,0,2,2,0,8,1,"N",1,2,2,26.8129654933518,71.2393680192863
"576","M",1.62,30,0,10,1,5,3,0,"N",2,2,2,26.8129654933518,70.3679466407524
"577","M",1.61,37,50,7,2,7,0,5,"N",3,3,4,26.8129654933518,69.5018878553171
"578","V",1.71,41,0,9,6,0,0,1,"N",2,4,2,26.7980799483286,78.3602655769078
"579","M",1.68,51,0,0,0,12,14,0,"N",0,1,0,26.8129654933518,75.676913808436
"580","M",1.73,45,0,1,1,8,7,0,"N",2,4,4,26.8129654933518,80.2485244250525
"581","M",1.59,27,0,5,0,0,0,0,"N",2,2,0,26.8129654933518,67.7858580637426
"582","V",1.65,52,0,0,1,10,6,0,"N",3,4,4,26.7980799483286,72.9577726593247
"583","V",1.73,46,0,0,5,0,3,0,"N",0,1,1,26.7980799483286,80.2039734773528
"584","V",1.68,18,0,3,0,0,0,0,"N",0,0,0,26.7980799483286,75.6349008461627
"585","M",1.74,18,0,0,0,9,4,0,"N",1,2,1,26.8129654933518,81.1789343276718
"586","V",1.68,54,0,0,0,3,1,0,"N",2,4,4,26.7980799483286,75.6349008461627
"587","V",1.81,23,0,0,0,0,2,0,"N",2,4,3,26.7980799483286,87.7931897187194
"588","V",1.75,49,0,12,1,14,7,0,"S",2,4,4,26.7980799483286,82.0691198417565
"589","V",1.78,60,0,6,2,0,0,0,"N",3,3,4,26.7980799483286,84.9070365082845
"590","V",1.77,46,20,0,11,0,0,0,"N",2,4,3,26.7980799483286,83.9557046701188
"591","V",1.8,23,10,0,2,17,2,0,"N",2,3,3,26.7980799483286,86.8257790325848
"592","M",1.71,41,50,3,3,3,0,0,"N",0,2,1,26.8129654933518,78.4037923991099
"593","V",1.77,41,0,0,1,1,0,0,"N",3,4,4,26.7980799483286,83.9557046701188
"594","V",1.74,60,0,0,3,19,13,0,"N",4,4,3,26.7980799483286,81.1338668515598
"595","V",1.68,47,200,0,0,4,0,0,"N",1,2,0,26.7980799483286,75.6349008461627
"596","V",1.75,28,0,0,1,0,4,0,"N",2,4,4,26.7980799483286,82.0691198417565
"597","M",1.6,59,0,13,1,16,8,0,"N",0,0,0,26.8129654933518,68.6411916629805
"598","M",1.72,27,0,0,6,0,0,1,"N",0,1,2,26.8129654933518,79.3234771155318
"599","V",1.68,25,0,0,4,0,0,0,"N",1,3,1,26.7980799483286,75.6349008461627
"600","M",1.61,48,150,5,6,0,3,0,"N",1,3,2,26.8129654933518,69.5018878553171
"601","M",1.67,41,100,11,3,2,0,0,"N",1,2,1,26.8129654933518,74.7786794644087
"602","M",1.54,43,0,2,1,2,0,0,"N",3,4,3,26.8129654933518,63.589628964033
"603","V",1.75,68,0,0,0,1,1,0,"N",1,2,0,26.7980799483286,82.0691198417565
"604","V",1.75,44,0,9,1,0,0,0,"N",2,3,4,26.7980799483286,82.0691198417565
"605","V",1.79,52,0,0,0,14,1,0,"N",2,4,3,26.7980799483286,85.8637279624398
"606","M",1.64,26,0,17,3,6,0,0,"N",0,2,3,26.8129654933518,72.1161519909189
"607","V",1.75,25,70,17,2,11,8,0,"N",0,1,1,26.7980799483286,82.0691198417565
"608","M",1.72,19,40,3,1,0,0,0,"N",3,4,4,26.8129654933518,79.3234771155318
"609","V",1.84,29,0,8,2,8,0,0,"N",1,3,3,26.7980799483286,90.7275794730614
"610","V",1.83,30,0,4,1,3,0,0,"N",1,2,2,26.7980799483286,89.7440899389578
"611","M",1.63,32,0,0,1,16,9,0,"N",1,2,2,26.8129654933518,71.2393680192863
"612","V",1.7,45,0,4,7,0,0,0,"N",0,0,1,26.7980799483286,77.4464510506698
"613","M",1.62,32,0,2,1,20,14,0,"N",1,0,1,26.8129654933518,70.3679466407524
"614","V",1.8,18,0,0,1,4,8,0,"N",2,4,4,26.7980799483286,86.8257790325848
"615","M",1.54,34,0,11,0,3,1,0,"N",0,0,2,26.8129654933518,63.589628964033
"616","V",1.81,40,10,0,0,7,0,0,"N",1,4,4,26.7980799483286,87.7931897187194
"617","M",1.62,32,0,0,2,0,0,0,"N",1,1,3,26.8129654933518,70.3679466407524
"618","V",1.7,46,110,2,3,10,1,0,"N",0,1,1,26.7980799483286,77.4464510506698
"619","M",1.79,50,110,0,1,7,16,0,"N",1,2,1,26.8129654933518,85.9114227372484
"620","M",1.65,48,0,0,2,0,0,0,"N",1,1,2,26.8129654933518,72.9982985556501
"621","V",1.79,29,0,0,2,6,13,5,"N",1,1,2,26.7980799483286,85.8637279624398
"622","V",1.75,35,0,15,0,0,1,0,"N",2,2,3,26.7980799483286,82.0691198417565
"623","V",1.76,56,0,14,0,24,7,0,"N",3,4,4,26.7980799483286,83.0097324479428
"624","M",1.66,18,0,0,0,0,1,0,"N",2,2,2,26.8129654933518,73.8858077134801
"625","M",1.66,53,0,0,2,0,0,0,"N",1,1,1,26.8129654933518,73.8858077134801
"626","V",1.76,27,0,0,1,16,12,0,"N",1,3,3,26.7980799483286,83.0097324479428
"627","V",1.73,33,0,0,0,0,0,0,"N",3,4,4,26.7980799483286,80.2039734773528
"628","M",1.68,26,0,0,7,0,4,0,"N",2,2,1,26.8129654933518,75.676913808436
"629","M",1.68,60,0,0,5,7,8,0,"N",3,4,3,26.8129654933518,75.676913808436
"630","M",1.59,46,0,0,2,0,0,2,"N",2,4,4,26.8129654933518,67.7858580637426
"631","V",1.68,46,0,13,0,24,18,0,"N",1,2,2,26.7980799483286,75.6349008461627
"632","M",1.56,27,0,5,1,16,5,0,"N",1,2,1,26.8129654933518,65.2520328246208
"633","M",1.63,57,40,2,0,35,16,1,"S",0,0,0,26.8129654933518,71.2393680192863
"634","V",1.71,35,0,3,0,10,4,0,"N",0,1,1,26.7980799483286,78.3602655769078
"635","V",1.72,53,0,12,3,8,6,0,"N",1,3,4,26.7980799483286,79.2794397191354
"636","M",1.64,47,0,0,0,6,0,0,"N",0,1,1,26.8129654933518,72.1161519909189
"637","M",1.75,37,0,0,0,0,0,0,"N",3,4,4,26.8129654933518,82.1147068233898
"638","M",1.65,63,0,0,0,0,3,6,"N",3,4,4,26.8129654933518,72.9982985556501
"639","M",1.67,57,10,1,0,14,4,0,"N",4,4,4,26.8129654933518,74.7786794644087
"640","V",1.77,52,40,0,0,6,4,0,"N",1,2,1,26.7980799483286,83.9557046701188
"641","V",1.74,33,0,10,0,1,11,0,"N",1,1,2,26.7980799483286,81.1338668515598
"642","V",1.85,24,50,9,3,0,0,1,"N",1,2,1,26.7980799483286,91.7164286231548
"643","V",1.77,72,0,0,0,0,2,0,"N",1,2,3,26.7980799483286,83.9557046701188
"644","V",1.78,48,0,0,0,2,14,0,"N",0,1,3,26.7980799483286,84.9070365082845
"645","M",1.71,23,90,0,0,0,5,1,"N",2,3,2,26.8129654933518,78.4037923991099
"646","M",1.64,38,150,0,8,0,2,0,"N",1,2,3,26.8129654933518,72.1161519909189
"647","V",1.79,31,10,0,2,4,0,0,"N",2,3,3,26.7980799483286,85.8637279624398
"648","M",1.66,52,0,6,3,20,10,0,"S",2,4,4,26.8129654933518,73.8858077134801
"649","M",1.66,39,0,0,3,0,2,0,"N",0,1,0,26.8129654933518,73.8858077134801
"650","M",1.7,66,0,7,5,0,0,0,"N",3,4,3,26.8129654933518,77.4894702757866
"651","V",1.71,33,0,0,2,2,11,0,"N",0,1,1,26.7980799483286,78.3602655769078
"652","V",1.82,61,90,25,2,5,0,0,"N",1,3,3,26.7980799483286,88.7659600208438
"653","M",1.69,86,0,22,4,6,0,0,"S",2,2,2,26.8129654933518,76.5805107455619
"654","M",1.6,18,110,10,0,25,17,4,"N",1,2,3,26.8129654933518,68.6411916629805
"655","V",1.85,49,0,0,0,4,0,0,"N",0,1,1,26.7980799483286,91.7164286231548
"656","M",1.56,27,0,27,1,0,4,0,"N",3,4,4,26.8129654933518,65.2520328246208
"657","V",1.74,18,160,0,2,0,0,0,"N",1,3,4,26.7980799483286,81.1338668515598
"658","M",1.65,37,0,0,3,29,16,0,"N",0,2,1,26.8129654933518,72.9982985556501
"659","V",1.75,52,50,16,0,0,0,0,"S",0,0,0,26.7980799483286,82.0691198417565
"660","M",1.66,21,0,0,2,1,0,4,"N",2,2,3,26.8129654933518,73.8858077134801
"661","V",1.79,44,0,3,0,2,0,0,"N",2,2,2,26.7980799483286,85.8637279624398
"662","M",1.62,37,0,15,0,9,11,0,"N",0,0,0,26.8129654933518,70.3679466407524
"663","V",1.8,41,0,4,1,0,0,0,"N",3,4,4,26.7980799483286,86.8257790325848
"664","V",1.76,52,0,5,2,7,4,0,"N",0,2,3,26.7980799483286,83.0097324479428
"665","V",1.63,59,0,0,1,0,11,0,"N",3,4,3,26.7980799483286,71.1998186147144
"666","M",1.62,19,0,0,2,0,0,1,"N",1,2,3,26.8129654933518,70.3679466407524
"667","M",1.67,46,0,3,1,0,11,0,"N",0,2,1,26.8129654933518,74.7786794644087
"668","V",1.78,38,0,0,4,1,0,0,"N",3,3,3,26.7980799483286,84.9070365082845
"669","V",1.74,38,0,20,2,10,7,0,"N",1,3,2,26.7980799483286,81.1338668515598
"670","V",1.65,26,0,14,2,10,6,0,"N",3,3,3,26.7980799483286,72.9577726593247
"671","V",1.73,42,0,0,1,0,4,0,"N",1,3,3,26.7980799483286,80.2039734773528
"672","M",1.69,68,30,9,1,7,0,2,"N",1,1,3,26.8129654933518,76.5805107455619
"673","M",1.64,53,0,0,2,1,9,0,"N",0,1,1,26.8129654933518,72.1161519909189
"674","M",1.78,48,0,4,0,0,0,0,"N",2,1,2,26.8129654933518,84.9541998691357
"675","M",1.63,20,0,0,2,7,0,0,"N",2,2,1,26.8129654933518,71.2393680192863
"676","V",1.77,35,0,0,0,0,2,0,"N",1,3,4,26.7980799483286,83.9557046701188
"677","V",1.73,41,0,1,4,0,1,0,"N",2,2,1,26.7980799483286,80.2039734773528
"678","M",1.65,24,120,0,0,9,14,3,"N",2,3,2,26.8129654933518,72.9982985556501
"679","V",1.79,25,0,5,3,3,0,0,"N",2,3,4,26.7980799483286,85.8637279624398
"680","V",1.7,18,0,0,1,0,0,0,"N",1,0,0,26.7980799483286,77.4464510506698
"681","M",1.73,63,0,6,3,0,0,0,"N",0,1,1,26.8129654933518,80.2485244250525
"682","M",1.76,39,10,3,5,6,4,0,"N",0,1,1,26.8129654933518,83.0558419122064
"683","M",1.71,42,0,0,0,34,13,0,"N",2,4,4,26.8129654933518,78.4037923991099
"684","V",1.77,49,130,5,5,2,0,0,"N",0,1,1,26.7980799483286,83.9557046701188
"685","V",1.72,32,0,6,0,0,0,0,"N",1,1,0,26.7980799483286,79.2794397191354
"686","M",1.6,49,10,4,2,0,4,0,"N",2,3,3,26.8129654933518,68.6411916629805
"687","M",1.65,30,0,0,0,14,9,1,"N",3,4,4,26.8129654933518,72.9982985556501
"688","V",1.71,28,10,0,4,0,6,0,"N",2,2,4,26.7980799483286,78.3602655769078
"689","V",1.68,38,90,0,5,0,3,0,"N",0,0,0,26.7980799483286,75.6349008461627
"690","V",1.72,38,0,21,0,10,7,0,"N",2,3,3,26.7980799483286,79.2794397191354
"691","M",1.58,35,0,0,0,4,0,0,"N",0,0,0,26.8129654933518,66.9358870576033
"692","V",1.74,44,0,0,5,3,10,2,"N",2,4,4,26.7980799483286,81.1338668515598
"693","V",1.77,44,0,0,5,0,0,0,"N",1,1,0,26.7980799483286,83.9557046701188
"694","V",1.75,42,60,0,0,10,4,0,"N",1,3,2,26.7980799483286,82.0691198417565
"695","V",1.69,60,0,8,5,0,1,3,"N",1,2,2,26.7980799483286,76.5379961404214
"696","M",1.65,48,0,12,3,5,5,0,"N",0,1,2,26.8129654933518,72.9982985556501
"697","M",1.65,39,0,0,2,12,8,0,"N",2,4,3,26.8129654933518,72.9982985556501
"698","V",1.75,56,10,0,2,3,8,0,"N",1,2,3,26.7980799483286,82.0691198417565
"699","V",1.77,28,60,5,1,1,2,0,"N",0,1,1,26.7980799483286,83.9557046701188
"700","M",1.68,30,50,10,2,0,0,0,"N",0,0,0,26.8129654933518,75.676913808436
"701","V",1.74,19,0,0,0,0,0,0,"N",2,4,4,26.7980799483286,81.1338668515598
"702","M",1.73,36,0,13,0,13,0,0,"N",1,4,4,26.8129654933518,80.2485244250525
"703","V",1.87,18,0,0,0,0,4,0,"N",2,3,4,26.7980799483286,93.7102057713104
"704","M",1.59,31,40,0,0,0,3,0,"N",0,0,1,26.8129654933518,67.7858580637426
"705","M",1.71,29,0,21,0,0,1,0,"N",1,3,4,26.8129654933518,78.4037923991099
"706","V",1.82,67,0,0,3,9,5,0,"N",3,4,3,26.7980799483286,88.7659600208438
"707","M",1.69,18,0,7,0,7,9,2,"N",0,0,0,26.8129654933518,76.5805107455619
"708","M",1.6,50,0,4,0,8,0,0,"N",2,2,3,26.8129654933518,68.6411916629805
"709","M",1.54,35,0,0,1,0,0,0,"N",0,1,0,26.8129654933518,63.589628964033
"710","V",1.72,82,190,8,0,0,0,0,"N",2,4,4,26.7980799483286,79.2794397191354
"711","M",1.68,63,0,0,0,0,2,0,"N",0,1,1,26.8129654933518,75.676913808436
"712","M",1.6,61,0,0,1,17,0,0,"N",0,0,0,26.8129654933518,68.6411916629805
"713","M",1.74,50,0,0,3,0,0,0,"N",1,2,4,26.8129654933518,81.1789343276718
"714","M",1.72,23,0,0,2,0,5,0,"N",4,4,4,26.8129654933518,79.3234771155318
"715","M",1.64,37,0,0,1,10,8,5,"N",1,3,4,26.8129654933518,72.1161519909189
"716","V",1.86,31,50,4,6,0,0,0,"N",0,0,0,26.7980799483286,92.7106373892378
"717","M",1.63,41,0,10,0,4,3,4,"N",1,1,2,26.8129654933518,71.2393680192863
"718","V",1.75,22,0,0,1,3,0,0,"N",0,2,2,26.7980799483286,82.0691198417565
"719","M",1.6,35,0,8,5,2,9,0,"N",0,1,1,26.8129654933518,68.6411916629805
"720","M",1.67,40,0,0,0,33,21,0,"N",1,2,2,26.8129654933518,74.7786794644087
"721","V",1.72,42,0,1,0,0,0,0,"N",1,0,0,26.7980799483286,79.2794397191354
"722","V",1.67,61,160,0,4,0,0,0,"N",1,2,0,26.7980799483286,74.7371651678937
"723","V",1.75,21,90,10,6,14,18,0,"N",1,1,0,26.7980799483286,82.0691198417565
"724","M",1.67,61,10,0,3,10,11,1,"N",0,4,4,26.8129654933518,74.7786794644087
"725","V",1.75,37,0,0,9,0,3,0,"N",2,3,3,26.7980799483286,82.0691198417565
"726","V",1.75,46,0,5,2,6,9,3,"N",1,2,1,26.7980799483286,82.0691198417565
"727","V",1.7,50,0,0,6,0,0,0,"N",2,4,4,26.7980799483286,77.4464510506698
"728","V",1.8,60,0,11,1,9,0,0,"N",1,3,2,26.7980799483286,86.8257790325848
"729","V",1.7,27,0,0,4,3,0,0,"S",1,3,3,26.7980799483286,77.4464510506698
"730","M",1.72,18,0,0,2,0,0,0,"N",0,1,1,26.8129654933518,79.3234771155318
"731","V",1.68,67,0,0,7,11,0,3,"N",0,0,0,26.7980799483286,75.6349008461627
"732","V",1.71,54,0,4,6,12,10,0,"N",0,0,0,26.7980799483286,78.3602655769078
"733","V",1.69,53,0,0,8,0,1,0,"N",1,1,0,26.7980799483286,76.5379961404214
"734","V",1.81,95,120,4,0,0,0,0,"N",1,1,1,26.7980799483286,87.7931897187194
"735","M",1.64,34,0,15,0,16,8,0,"N",2,3,4,26.8129654933518,72.1161519909189
"736","M",1.62,23,10,0,4,0,3,0,"N",2,3,4,26.8129654933518,70.3679466407524
"737","M",1.67,50,50,0,3,0,0,0,"N",2,2,0,26.8129654933518,74.7786794644087
"738","M",1.67,46,0,7,0,14,7,0,"N",1,4,3,26.8129654933518,74.7786794644087
"739","V",1.68,66,10,14,1,4,11,0,"N",0,2,2,26.7980799483286,75.6349008461627
"740","M",1.68,47,0,0,0,0,0,0,"N",2,4,4,26.8129654933518,75.676913808436
"741","M",1.69,38,60,0,4,1,0,0,"N",0,1,1,26.8129654933518,76.5805107455619
"742","M",1.6,18,220,0,0,11,1,0,"N",1,2,2,26.8129654933518,68.6411916629805
"743","V",1.82,47,0,0,5,0,0,0,"N",1,4,4,26.7980799483286,88.7659600208438
"744","V",1.68,31,90,7,3,22,21,0,"N",2,1,1,26.7980799483286,75.6349008461627
"745","V",1.74,69,90,0,0,0,4,0,"N",1,3,3,26.7980799483286,81.1338668515598
"746","M",1.69,69,150,9,0,9,7,10,"N",0,3,4,26.8129654933518,76.5805107455619
"747","V",1.67,31,40,7,0,16,2,0,"N",3,4,3,26.7980799483286,74.7371651678937
"748","V",1.79,44,0,0,0,8,2,0,"N",2,1,0,26.7980799483286,85.8637279624398
"749","M",1.6,37,0,9,2,4,6,0,"N",0,0,0,26.8129654933518,68.6411916629805
"750","V",1.76,28,0,5,1,6,0,1,"N",1,0,0,26.7980799483286,83.0097324479428
"751","V",1.8,58,0,5,1,7,0,3,"N",1,2,3,26.7980799483286,86.8257790325848
"752","V",1.69,28,0,0,0,13,8,0,"N",0,2,1,26.7980799483286,76.5379961404214
"753","V",1.78,70,0,7,0,4,3,0,"N",0,1,0,26.7980799483286,84.9070365082845
"754","M",1.62,35,80,2,2,17,6,0,"N",1,3,3,26.8129654933518,70.3679466407524
"755","V",1.76,38,0,0,2,3,1,0,"N",1,1,0,26.7980799483286,83.0097324479428
"756","M",1.5,38,110,0,6,2,16,5,"N",1,1,2,26.8129654933518,60.3291723600414
"757","V",1.76,18,0,0,0,6,3,0,"N",2,4,4,26.7980799483286,83.0097324479428
"758","V",1.67,72,40,0,0,0,1,0,"N",0,1,0,26.7980799483286,74.7371651678937
"759","M",1.72,26,0,2,8,0,0,0,"N",1,3,3,26.8129654933518,79.3234771155318
"760","M",1.62,25,0,7,1,0,0,0,"N",0,1,1,26.8129654933518,70.3679466407524
"761","V",1.69,25,130,7,0,8,2,0,"N",2,2,2,26.7980799483286,76.5379961404214
"762","V",1.78,42,0,0,7,0,6,1,"N",1,1,2,26.7980799483286,84.9070365082845
"763","M",1.61,27,0,3,0,20,16,1,"N",1,0,2,26.8129654933518,69.5018878553171
"764","M",1.64,46,0,0,3,7,0,0,"N",1,4,4,26.8129654933518,72.1161519909189
"765","V",1.73,18,0,0,0,17,9,3,"N",0,0,0,26.7980799483286,80.2039734773528
"766","M",1.7,50,10,7,0,16,6,4,"N",2,1,2,26.8129654933518,77.4894702757866
"767","V",1.71,31,0,0,0,2,5,0,"N",1,2,2,26.7980799483286,78.3602655769078
"768","V",1.76,64,30,0,1,0,2,0,"N",2,2,2,26.7980799483286,83.0097324479428
"769","V",1.79,40,0,15,4,0,7,0,"N",2,3,3,26.7980799483286,85.8637279624398
"770","V",1.8,33,0,0,1,9,3,0,"N",2,2,2,26.7980799483286,86.8257790325848
"771","V",1.7,51,30,0,0,10,8,0,"S",1,2,3,26.7980799483286,77.4464510506698
"772","M",1.63,32,90,9,1,10,0,0,"N",1,2,2,26.8129654933518,71.2393680192863
"773","V",1.77,42,0,0,4,26,20,2,"N",2,2,3,26.7980799483286,83.9557046701188
"774","M",1.68,69,0,4,9,0,0,0,"N",0,3,2,26.8129654933518,75.676913808436
"775","M",1.58,60,0,15,1,0,3,0,"N",0,1,1,26.8129654933518,66.9358870576033
"776","V",1.79,43,120,18,5,0,1,0,"N",2,4,3,26.7980799483286,85.8637279624398
"777","M",1.65,44,0,0,6,19,12,2,"N",0,2,2,26.8129654933518,72.9982985556501
"778","V",1.82,35,0,0,2,0,0,0,"N",3,4,2,26.7980799483286,88.7659600208438
"779","V",1.74,49,100,1,5,9,11,4,"N",0,1,2,26.7980799483286,81.1338668515598
"780","V",1.74,37,0,4,4,5,2,0,"N",1,2,3,26.7980799483286,81.1338668515598
"781","M",1.7,33,0,0,1,6,0,0,"N",2,4,4,26.8129654933518,77.4894702757866
"782","V",1.82,44,30,0,1,6,7,0,"N",1,3,2,26.7980799483286,88.7659600208438
"783","V",1.66,34,0,2,0,0,4,0,"N",3,4,4,26.7980799483286,73.8447891056144
"784","V",1.8,38,0,0,5,0,0,0,"N",3,4,3,26.7980799483286,86.8257790325848
"785","M",1.62,44,0,2,0,0,0,0,"N",0,1,1,26.8129654933518,70.3679466407524
"786","V",1.74,39,0,8,5,4,2,0,"N",1,2,1,26.7980799483286,81.1338668515598
"787","M",1.68,40,0,2,5,9,1,0,"N",0,1,2,26.8129654933518,75.676913808436
"788","V",1.82,42,0,4,0,4,0,0,"N",2,3,3,26.7980799483286,88.7659600208438
"789","V",1.81,65,0,7,8,5,0,0,"N",1,2,3,26.7980799483286,87.7931897187194
"790","M",1.65,43,0,2,0,12,9,0,"N",1,2,1,26.8129654933518,72.9982985556501
"791","V",1.8,57,0,0,1,15,11,0,"N",3,3,3,26.7980799483286,86.8257790325848
"792","V",1.68,42,40,0,0,13,4,0,"N",2,3,4,26.7980799483286,75.6349008461627
"793","M",1.66,44,60,0,0,6,6,1,"N",1,1,1,26.8129654933518,73.8858077134801
"794","M",1.66,23,0,0,5,0,0,0,"N",1,2,0,26.8129654933518,73.8858077134801
"795","V",1.76,45,10,5,1,1,0,0,"N",2,3,2,26.7980799483286,83.0097324479428
"796","V",1.82,53,0,0,1,0,0,0,"N",1,3,2,26.7980799483286,88.7659600208438
"797","M",1.58,41,0,0,0,6,0,0,"N",0,1,1,26.8129654933518,66.9358870576033
"798","M",1.66,25,0,0,0,0,0,1,"N",1,1,0,26.8129654933518,73.8858077134801
"799","M",1.7,57,0,0,1,2,5,0,"N",1,2,2,26.8129654933518,77.4894702757866
"800","M",1.67,74,0,0,1,0,4,0,"N",0,1,1,26.8129654933518,74.7786794644087
"801","V",1.81,44,30,8,0,0,1,0,"N",1,2,3,26.7980799483286,87.7931897187194
"802","M",1.64,38,0,0,2,0,3,0,"N",3,4,4,26.8129654933518,72.1161519909189
"803","V",1.77,29,0,4,0,10,3,0,"N",0,1,1,26.7980799483286,83.9557046701188
"804","V",1.71,36,0,0,1,0,0,0,"N",2,1,1,26.7980799483286,78.3602655769078
"805","V",1.73,54,0,0,2,3,0,0,"N",1,2,2,26.7980799483286,80.2039734773528
"806","M",1.65,65,80,0,7,6,3,0,"N",2,2,4,26.8129654933518,72.9982985556501
"807","V",1.72,31,10,2,0,0,0,0,"N",2,1,1,26.7980799483286,79.2794397191354
"808","V",1.75,59,0,0,6,0,0,0,"N",0,1,1,26.7980799483286,82.0691198417565
"809","V",1.69,44,90,0,1,13,5,0,"N",0,0,1,26.7980799483286,76.5379961404214
"810","M",1.62,18,30,3,3,25,13,0,"N",1,2,3,26.8129654933518,70.3679466407524
"811","M",1.69,34,40,11,0,6,6,0,"N",0,1,1,26.8129654933518,76.5805107455619
"812","V",1.7,56,0,0,2,12,10,0,"N",1,3,3,26.7980799483286,77.4464510506698
"813","V",1.76,57,0,0,2,5,0,0,"N",0,1,1,26.7980799483286,83.0097324479428
"814","V",1.78,33,0,0,3,13,12,0,"N",3,4,4,26.7980799483286,84.9070365082845
"815","M",1.74,32,180,18,1,6,10,0,"N",0,1,0,26.8129654933518,81.1789343276718
"816","V",1.85,30,0,7,0,2,0,0,"N",2,2,1,26.7980799483286,91.7164286231548
"817","M",1.62,33,0,0,5,0,0,0,"N",1,1,1,26.8129654933518,70.3679466407524
"818","V",1.67,49,0,0,1,2,6,0,"N",2,3,1,26.7980799483286,74.7371651678937
"819","M",1.68,18,20,23,6,0,1,2,"N",0,0,0,26.8129654933518,75.676913808436
"820","V",1.73,52,70,8,0,0,0,0,"N",1,1,2,26.7980799483286,80.2039734773528
"821","M",1.66,49,40,6,5,13,5,0,"N",2,2,0,26.8129654933518,73.8858077134801
"822","V",1.65,33,40,0,0,20,2,0,"N",1,2,1,26.7980799483286,72.9577726593247
"823","M",1.66,42,90,0,7,0,0,0,"N",1,2,2,26.8129654933518,73.8858077134801
"824","M",1.63,19,0,0,5,5,4,0,"N",2,2,1,26.8129654933518,71.2393680192863
"825","M",1.75,18,0,0,0,2,4,0,"N",1,2,2,26.8129654933518,82.1147068233898
"826","M",1.6,44,0,0,5,0,1,3,"N",2,3,4,26.8129654933518,68.6411916629805
"827","V",1.82,43,30,0,0,6,11,0,"N",2,2,2,26.7980799483286,88.7659600208438
"828","V",1.77,33,0,0,0,6,2,0,"N",2,3,3,26.7980799483286,83.9557046701188
"829","M",1.66,34,0,0,0,23,15,0,"N",1,0,0,26.8129654933518,73.8858077134801
"830","M",1.64,36,0,12,3,1,4,0,"N",0,1,0,26.8129654933518,72.1161519909189
"831","V",1.7,37,0,3,0,9,0,0,"N",2,2,3,26.7980799483286,77.4464510506698
"832","V",1.74,22,0,0,3,0,0,2,"N",3,4,4,26.7980799483286,81.1338668515598
"833","V",1.84,52,0,6,1,1,0,0,"N",0,1,0,26.7980799483286,90.7275794730614
"834","V",1.75,31,0,0,0,0,1,0,"N",0,1,1,26.7980799483286,82.0691198417565
"835","M",1.66,18,0,0,0,14,13,0,"N",2,3,2,26.8129654933518,73.8858077134801
"836","V",1.73,36,0,6,0,17,3,0,"N",1,1,1,26.7980799483286,80.2039734773528
"837","V",1.73,29,70,7,1,13,5,0,"N",2,4,4,26.7980799483286,80.2039734773528
"838","M",1.65,43,0,0,0,0,0,0,"N",0,1,3,26.8129654933518,72.9982985556501
"839","M",1.63,43,120,0,0,8,0,3,"N",1,0,1,26.8129654933518,71.2393680192863
"840","V",1.82,39,0,8,3,5,9,0,"N",3,4,4,26.7980799483286,88.7659600208438
"841","M",1.67,18,0,15,0,0,2,0,"N",2,4,4,26.8129654933518,74.7786794644087
"842","V",1.77,28,60,18,0,8,0,0,"N",0,1,1,26.7980799483286,83.9557046701188
"843","M",1.59,24,0,0,7,15,15,0,"N",2,3,3,26.8129654933518,67.7858580637426
"844","M",1.64,42,0,0,0,3,0,0,"N",1,0,1,26.8129654933518,72.1161519909189
"845","M",1.66,52,50,5,3,0,0,0,"S",1,1,1,26.8129654933518,73.8858077134801
"846","V",1.78,51,0,0,7,0,0,3,"N",2,2,1,26.7980799483286,84.9070365082845
"847","M",1.66,49,0,0,3,0,10,0,"N",1,3,2,26.8129654933518,73.8858077134801
"848","M",1.71,21,60,0,5,1,8,0,"N",1,2,3,26.8129654933518,78.4037923991099
"849","M",1.68,18,0,0,2,11,0,0,"N",1,3,1,26.8129654933518,75.676913808436
"850","V",1.8,41,0,12,0,0,8,0,"N",2,4,4,26.7980799483286,86.8257790325848
"851","V",1.72,45,0,5,0,2,0,0,"N",2,4,4,26.7980799483286,79.2794397191354
"852","V",1.7,26,0,2,1,10,0,0,"N",2,3,1,26.7980799483286,77.4464510506698
"853","V",1.76,37,0,11,1,8,7,0,"N",1,1,1,26.7980799483286,83.0097324479428
"854","M",1.68,42,0,0,0,2,0,0,"N",1,3,3,26.8129654933518,75.676913808436
"855","M",1.59,42,0,0,3,2,3,0,"N",2,3,4,26.8129654933518,67.7858580637426
"856","M",1.65,42,0,0,0,10,7,4,"N",3,4,3,26.8129654933518,72.9982985556501
"857","V",1.75,25,0,0,7,0,0,0,"N",2,4,4,26.7980799483286,82.0691198417565
"858","V",1.74,43,0,0,5,10,7,0,"N",2,4,3,26.7980799483286,81.1338668515598
"859","V",1.73,37,0,11,7,0,5,0,"N",1,1,1,26.7980799483286,80.2039734773528
"860","M",1.62,74,0,0,4,12,10,0,"S",1,4,4,26.8129654933518,70.3679466407524
"861","V",1.81,45,0,1,0,5,5,0,"N",0,1,2,26.7980799483286,87.7931897187194
"862","V",1.73,28,0,0,1,29,11,4,"N",0,2,0,26.7980799483286,80.2039734773528
"863","M",1.62,34,0,8,1,0,1,0,"N",1,2,1,26.8129654933518,70.3679466407524
"864","M",1.66,59,0,0,4,8,3,0,"N",1,2,2,26.8129654933518,73.8858077134801
"865","V",1.7,51,0,0,1,13,15,6,"N",0,1,1,26.7980799483286,77.4464510506698
"866","M",1.69,37,0,0,4,7,7,0,"N",1,3,2,26.8129654933518,76.5805107455619
"867","M",1.55,47,0,0,3,0,3,0,"N",1,2,4,26.8129654933518,64.4181495977776
"868","M",1.64,18,0,0,0,7,2,0,"N",0,1,0,26.8129654933518,72.1161519909189
"869","M",1.65,31,20,0,0,2,0,0,"N",3,4,4,26.8129654933518,72.9982985556501
"870","M",1.67,59,0,0,0,10,6,0,"S",2,4,3,26.8129654933518,74.7786794644087
"871","M",1.7,18,0,5,5,0,0,0,"N",1,2,0,26.8129654933518,77.4894702757866
"872","V",1.76,51,0,6,3,5,5,0,"N",2,2,4,26.7980799483286,83.0097324479428
"873","M",1.59,31,0,0,0,0,0,0,"N",1,3,4,26.8129654933518,67.7858580637426
"874","M",1.69,48,0,3,0,0,3,0,"N",0,0,2,26.8129654933518,76.5805107455619
"875","V",1.76,26,0,0,1,0,0,0,"N",1,3,4,26.7980799483286,83.0097324479428
"876","V",1.65,31,130,0,2,4,6,0,"N",3,4,4,26.7980799483286,72.9577726593247
"877","V",1.65,22,40,3,4,15,5,0,"N",0,0,0,26.7980799483286,72.9577726593247
"878","M",1.65,62,0,5,0,19,13,0,"N",3,4,3,26.8129654933518,72.9982985556501
"879","V",1.68,43,0,6,0,21,12,0,"N",2,4,4,26.7980799483286,75.6349008461627
"880","V",1.78,33,0,0,0,4,0,0,"N",2,4,3,26.7980799483286,84.9070365082845
"881","M",1.61,20,100,3,2,0,0,0,"N",1,1,1,26.8129654933518,69.5018878553171
"882","V",1.82,45,0,4,1,3,0,0,"N",2,3,4,26.7980799483286,88.7659600208438
"883","M",1.63,37,0,0,2,0,4,0,"N",2,3,3,26.8129654933518,71.2393680192863
"884","M",1.68,50,0,0,0,10,4,3,"N",2,2,3,26.8129654933518,75.676913808436
"885","M",1.67,35,0,0,0,8,4,0,"N",2,3,3,26.8129654933518,74.7786794644087
"886","M",1.59,52,0,4,0,11,14,0,"N",1,2,1,26.8129654933518,67.7858580637426
"887","V",1.77,33,0,0,2,14,9,0,"N",0,2,3,26.7980799483286,83.9557046701188
"888","M",1.59,53,0,0,2,0,0,0,"N",1,2,2,26.8129654933518,67.7858580637426
"889","M",1.76,20,0,18,3,0,7,0,"N",0,0,0,26.8129654933518,83.0558419122064
"890","M",1.58,22,0,0,0,1,2,0,"N",0,0,2,26.8129654933518,66.9358870576033
"891","V",1.75,32,0,7,0,7,6,0,"N",1,3,3,26.7980799483286,82.0691198417565
"892","M",1.65,18,0,5,2,14,4,0,"N",2,2,2,26.8129654933518,72.9982985556501
"893","M",1.62,43,0,0,0,10,5,0,"N",0,0,0,26.8129654933518,70.3679466407524
"894","V",1.75,46,0,0,0,3,3,0,"N",1,4,4,26.7980799483286,82.0691198417565
"895","V",1.64,30,0,18,3,18,9,0,"N",0,1,2,26.7980799483286,72.0761158290247
"896","M",1.71,51,40,9,6,10,3,2,"N",2,4,4,26.8129654933518,78.4037923991099
"897","V",1.77,29,0,0,0,2,3,0,"N",0,1,1,26.7980799483286,83.9557046701188
"898","M",1.64,51,0,11,1,0,0,0,"N",2,4,4,26.8129654933518,72.1161519909189
"899","V",1.81,21,0,5,0,10,0,3,"N",1,2,4,26.7980799483286,87.7931897187194
"900","V",1.74,28,0,8,2,1,0,0,"S",0,0,0,26.7980799483286,81.1338668515598
"901","V",1.82,52,50,0,1,16,9,0,"N",1,3,3,26.7980799483286,88.7659600208438
"902","V",1.68,36,50,12,0,9,2,0,"N",2,2,2,26.7980799483286,75.6349008461627
"903","M",1.62,52,0,25,2,15,5,0,"N",1,1,2,26.8129654933518,70.3679466407524
"904","V",1.68,51,0,7,0,26,13,0,"N",1,3,2,26.7980799483286,75.6349008461627
"905","M",1.69,45,30,9,0,10,8,0,"N",1,2,3,26.8129654933518,76.5805107455619
"906","M",1.64,52,10,7,1,8,4,0,"N",2,4,3,26.8129654933518,72.1161519909189
"907","M",1.67,18,0,9,4,0,0,0,"N",0,1,3,26.8129654933518,74.7786794644087
"908","M",1.62,46,0,0,0,0,11,0,"N",0,3,3,26.8129654933518,70.3679466407524
"909","V",1.78,30,0,24,7,4,3,0,"N",2,4,4,26.7980799483286,84.9070365082845
"910","M",1.7,51,30,0,1,0,0,0,"N",1,1,0,26.8129654933518,77.4894702757866
"911","M",1.65,24,0,12,6,4,0,0,"N",0,2,2,26.8129654933518,72.9982985556501
"912","V",1.8,22,0,0,7,25,9,1,"N",0,0,1,26.7980799483286,86.8257790325848
"913","V",1.74,23,0,6,8,6,8,3,"N",3,3,3,26.7980799483286,81.1338668515598
"914","V",1.79,32,50,2,0,16,11,0,"N",1,2,2,26.7980799483286,85.8637279624398
"915","V",1.77,39,0,12,0,5,0,0,"N",3,4,4,26.7980799483286,83.9557046701188
"916","M",1.68,48,0,0,0,15,5,0,"N",1,1,2,26.8129654933518,75.676913808436
"917","V",1.89,42,0,13,0,0,0,0,"S",3,3,2,26.7980799483286,95.7254213834247
"918","M",1.66,53,10,0,2,18,4,0,"S",2,4,3,26.8129654933518,73.8858077134801
"919","V",1.9,57,0,0,4,0,0,0,"N",3,4,4,26.7980799483286,96.7410686134664
"920","M",1.64,35,0,12,3,0,3,0,"N",1,3,1,26.8129654933518,72.1161519909189
"921","M",1.67,38,30,0,1,12,6,0,"N",0,3,4,26.8129654933518,74.7786794644087
"922","V",1.74,24,0,11,0,0,0,0,"N",1,2,2,26.7980799483286,81.1338668515598
"923","M",1.62,48,200,18,3,0,0,4,"N",2,2,2,26.8129654933518,70.3679466407524
"924","M",1.66,51,0,1,3,2,1,0,"N",3,4,4,26.8129654933518,73.8858077134801
"925","M",1.61,47,0,0,4,10,3,0,"N",1,2,1,26.8129654933518,69.5018878553171
"926","M",1.66,37,0,2,0,0,0,0,"N",3,4,4,26.8129654933518,73.8858077134801
"927","M",1.6,75,0,0,0,12,3,0,"N",1,3,4,26.8129654933518,68.6411916629805
"928","V",1.73,36,0,0,1,0,5,0,"N",1,3,2,26.7980799483286,80.2039734773528
"929","V",1.71,34,0,0,5,0,0,0,"N",2,3,2,26.7980799483286,78.3602655769078
"930","M",1.68,18,90,0,1,0,0,0,"N",3,4,2,26.8129654933518,75.676913808436
"931","M",1.61,34,0,0,0,3,1,0,"N",0,1,0,26.8129654933518,69.5018878553171
"932","V",1.78,23,0,0,0,5,0,0,"N",2,4,4,26.7980799483286,84.9070365082845
"933","M",1.73,18,0,3,0,0,0,0,"N",2,4,4,26.8129654933518,80.2485244250525
"934","V",1.72,58,0,11,0,11,2,0,"N",1,4,4,26.7980799483286,79.2794397191354
"935","M",1.66,70,50,14,0,0,0,0,"N",1,2,4,26.8129654933518,73.8858077134801
"936","V",1.73,57,20,0,0,0,0,0,"N",1,2,2,26.7980799483286,80.2039734773528
"937","M",1.75,56,0,0,0,5,0,0,"N",1,3,1,26.8129654933518,82.1147068233898
"938","M",1.63,42,0,10,2,0,0,0,"N",2,3,1,26.8129654933518,71.2393680192863
"939","V",1.65,57,10,8,0,1,0,0,"N",2,3,4,26.7980799483286,72.9577726593247
"940","M",1.66,48,0,0,4,10,0,0,"N",1,2,1,26.8129654933518,73.8858077134801
"941","V",1.73,34,0,2,1,0,1,0,"N",1,1,2,26.7980799483286,80.2039734773528
"942","M",1.71,26,40,17,8,0,5,0,"N",1,1,0,26.8129654933518,78.4037923991099
"943","M",1.72,41,0,0,3,0,10,0,"S",3,4,4,26.8129654933518,79.3234771155318
"944","V",1.81,39,0,2,2,0,6,0,"N",0,1,2,26.7980799483286,87.7931897187194
"945","M",1.67,42,0,6,0,17,7,0,"N",0,2,2,26.8129654933518,74.7786794644087
"946","V",1.82,18,0,6,0,6,7,0,"N",1,3,2,26.7980799483286,88.7659600208438
"947","V",1.83,38,30,0,2,9,8,0,"N",1,2,3,26.7980799483286,89.7440899389578
"948","M",1.61,39,0,0,1,3,4,0,"N",2,1,0,26.8129654933518,69.5018878553171
"949","M",1.69,53,0,8,7,0,3,0,"N",1,1,0,26.8129654933518,76.5805107455619
"950","V",1.77,45,20,0,0,14,2,3,"N",2,2,2,26.7980799483286,83.9557046701188
"951","V",1.82,40,0,0,0,15,12,0,"N",0,1,1,26.7980799483286,88.7659600208438
"952","M",1.61,19,0,0,0,24,11,0,"N",2,3,4,26.8129654933518,69.5018878553171
"953","V",1.74,29,0,9,3,1,0,0,"N",1,2,2,26.7980799483286,81.1338668515598
"954","V",1.66,34,0,9,0,10,13,0,"N",1,4,4,26.7980799483286,73.8447891056144
"955","M",1.67,40,0,0,4,20,12,0,"N",2,3,4,26.8129654933518,74.7786794644087
"956","V",1.74,30,0,6,0,10,12,0,"N",1,4,3,26.7980799483286,81.1338668515598
"957","M",1.73,65,0,10,0,9,5,9,"N",1,4,3,26.8129654933518,80.2485244250525
"958","M",1.72,50,0,21,0,0,1,0,"N",2,4,4,26.8129654933518,79.3234771155318
"959","V",1.71,29,0,12,0,20,13,0,"N",2,2,1,26.7980799483286,78.3602655769078
"960","M",1.7,29,0,0,1,3,4,0,"N",2,1,2,26.8129654933518,77.4894702757866
"961","V",1.72,35,0,11,0,10,0,0,"N",1,4,3,26.7980799483286,79.2794397191354
"962","V",1.8,28,0,7,0,0,0,0,"N",0,1,1,26.7980799483286,86.8257790325848
"963","V",1.78,21,0,0,0,20,8,0,"N",0,3,3,26.7980799483286,84.9070365082845
"964","V",1.78,70,0,0,2,4,0,0,"N",1,2,3,26.7980799483286,84.9070365082845
"965","M",1.65,48,110,2,0,12,1,5,"S",0,2,1,26.8129654933518,72.9982985556501
"966","V",1.71,46,0,8,2,1,3,0,"N",0,0,0,26.7980799483286,78.3602655769078
"967","V",1.7,21,0,0,0,0,0,0,"N",3,3,4,26.7980799483286,77.4464510506698
"968","M",1.6,31,0,0,0,11,8,0,"N",3,4,4,26.8129654933518,68.6411916629805
"969","M",1.7,23,0,0,2,13,4,0,"N",1,2,3,26.8129654933518,77.4894702757866
"970","V",1.76,58,0,0,0,6,10,0,"N",2,3,3,26.7980799483286,83.0097324479428
"971","M",1.64,18,170,0,0,0,3,0,"N",3,4,4,26.8129654933518,72.1161519909189
"972","V",1.78,18,0,1,8,0,0,0,"N",0,0,0,26.7980799483286,84.9070365082845
"973","V",1.76,67,10,0,2,13,5,1,"S",3,4,4,26.7980799483286,83.0097324479428
"974","V",1.75,59,0,0,3,0,8,0,"N",3,3,3,26.7980799483286,82.0691198417565
"975","M",1.58,51,70,0,1,0,4,0,"N",2,4,4,26.8129654933518,66.9358870576033
"976","M",1.6,38,70,0,0,20,12,0,"N",1,1,0,26.8129654933518,68.6411916629805
"977","V",1.83,48,0,0,0,5,2,2,"N",1,2,2,26.7980799483286,89.7440899389578
"978","V",1.77,24,0,0,1,0,0,0,"N",0,1,1,26.7980799483286,83.9557046701188
"979","V",1.72,18,20,0,3,0,5,0,"N",2,2,1,26.7980799483286,79.2794397191354
"980","V",1.76,21,0,10,0,0,4,0,"N",1,2,1,26.7980799483286,83.0097324479428
"981","V",1.78,34,0,0,0,1,2,0,"N",0,2,2,26.7980799483286,84.9070365082845
"982","M",1.74,59,0,22,5,9,5,0,"N",3,4,3,26.8129654933518,81.1789343276718
"983","M",1.67,55,0,12,5,19,8,2,"N",2,4,4,26.8129654933518,74.7786794644087
"984","V",1.76,52,0,2,6,0,0,0,"N",1,1,1,26.7980799483286,83.0097324479428
"985","M",1.67,61,10,1,0,3,13,0,"N",1,2,2,26.8129654933518,74.7786794644087
"986","V",1.75,49,0,2,0,15,3,0,"N",0,0,1,26.7980799483286,82.0691198417565
"987","V",1.75,41,0,5,0,7,5,0,"S",1,2,1,26.7980799483286,82.0691198417565
"988","V",1.74,36,0,10,6,9,6,0,"N",2,2,3,26.7980799483286,81.1338668515598
"989","M",1.74,33,0,19,5,18,3,0,"N",2,2,2,26.8129654933518,81.1789343276718
"990","M",1.6,26,0,8,2,0,0,0,"N",2,4,3,26.8129654933518,68.6411916629805
"991","M",1.7,48,60,0,0,17,5,0,"N",1,3,3,26.8129654933518,77.4894702757866
"992","M",1.61,24,70,3,3,9,0,0,"N",0,1,0,26.8129654933518,69.5018878553171
"993","V",1.71,18,0,8,2,0,0,0,"N",3,4,4,26.7980799483286,78.3602655769078
"994","V",1.77,29,50,6,0,11,8,0,"S",0,1,1,26.7980799483286,83.9557046701188
"995","V",1.72,35,110,4,0,16,6,3,"N",1,3,3,26.7980799483286,79.2794397191354
"996","M",1.6,35,0,0,2,6,4,0,"N",1,1,1,26.8129654933518,68.6411916629805
"997","M",1.61,33,0,1,0,10,3,0,"N",2,2,3,26.8129654933518,69.5018878553171
"998","M",1.62,42,0,17,0,8,1,2,"N",1,2,2,26.8129654933518,70.3679466407524
"999","M",1.7,78,0,18,9,9,1,0,"N",1,3,3,26.8129654933518,77.4894702757866
"1000","V",1.68,57,0,4,0,6,0,0,"N",1,1,2,26.7980799483286,75.6349008461627
